"","variables","R. CrÈdito","R. Mercado","R. Operacional","Total","Patrimonio Efectivo","R. Capital Global","Periodo","Mes","Fecha"
"1","B. Continental",3645034.93,67216.63,152173.28,3864424.84,4848169.16,12.55,"2013","Enero",2013-01-31
"2","B. de Comercio  ",134958.62,266.77,11469.06,146694.45,174421.54,11.89,"2013","Enero",2013-01-31
"3","B. de Cr√©dito del Per√∫ (con sucursales en el exterior)",5599030.86,219690.63,318203.84,6136925.33,8899346.92,14.5,"2013","Enero",2013-01-31
"4","B. Financiero",430053.5,6475.96,33515.69,470045.15,579673.93,12.33,"2013","Enero",2013-01-31
"5","B. Interamericano de Finanzas",521510.96,6688.24,26179.5,554378.7,686548.84,12.38,"2013","Enero",2013-01-31
"6","Scotiabank Per√∫ (con sucursales en el exterior)",2417908.44,32875.5,111193.59,2561977.53,4016672.62,15.68,"2013","Enero",2013-01-31
"7","Citibank",307546.64,41875.4,36233.86,385655.9,571089.93,14.8083,"2013","Enero",2013-01-31
"8","Interbank (con sucursales en el exterior)",2016871.28,13475.15,87680.96,2118027.39,2949166.14,13.92,"2013","Enero",2013-01-31
"9","Mibanco",470068.05,1950.5,15886.19,487904.74,699354.1,14.33,"2013","Enero",2013-01-31
"10","HSBC Bank Per√∫",257339.13,4395.7,18069.33,279804.16,482478.51,17.24,"2013","Enero",2013-01-31
"11","B. Falabella Per√∫ ",231172.14,745.2,47320.59,279237.93,410249.64,14.69,"2013","Enero",2013-01-31
"12","B. Santander Per√∫",183812.74,6697.25,4752.74,195262.73,306776.16,15.71,"2013","Enero",2013-01-31
"13","B. Ripley",109299.14,25.7,12301.82,121626.66,189401.07,15.57,"2013","Enero",2013-01-31
"14","B. Azteca Per√∫",53096.46,32.75,13282.3,66411.51,92549.64,13.94,"2013","Enero",2013-01-31
"15","Deutsche Bank Per√∫",68933.68,4360.83,3306.19,76600.7,134215.61,17.52,"2013","Enero",2013-01-31
"16","B. Cencosud",19100.21,170.57,808.43,20079.21,34872.46,17.37,"2013","Enero",2013-01-31
"17"," TOTAL BANCA M√öLTIPLE",16465736.78,406942.78,892377.37,17765056.93,25074986.27,14.1148,"2013","Enero",2013-01-31
"18","B. Continental",3650345.23,95262.41,154897.48,3900505.12,4835895.55,12.4,"2013","Febrero",2013-02-28
"19","B. de Comercio  ",134782.3,667.26,11542.82,146992.38,179196.3,12.19,"2013","Febrero",2013-02-28
"20","B. de Cr√©dito del Per√∫ (con sucursales en el exterior)",5674795.99,255008.43,322452.89,6252257.31,8875611.07,14.2,"2013","Febrero",2013-02-28
"21","B. Financiero",419983.5,5667.99,34099.83,459751.32,578831.87,12.59,"2013","Febrero",2013-02-28
"22","B. Interamericano de Finanzas",535600.42,6605.63,26534.09,568740.14,691263.2,12.15,"2013","Febrero",2013-02-28
"23","Scotiabank Per√∫ (con sucursales en el exterior)",2438824.21,26739.09,112426.2,2577989.5,4013318.93,15.57,"2013","Febrero",2013-02-28
"24","Citibank",295967.41,39156.8,36428.32,371552.53,569637.45,15.3313,"2013","Febrero",2013-02-28
"25","Interbank (con sucursales en el exterior)",2054396.4,21685.07,88794.42,2164875.89,2952119.59,13.64,"2013","Febrero",2013-02-28
"26","Mibanco",470915.87,884.18,16021.2,487821.25,695847.1,14.26,"2013","Febrero",2013-02-28
"27","HSBC Bank Per√∫",253366.53,4295.66,18186.31,275848.5,482185.08,17.48,"2013","Febrero",2013-02-28
"28","B. Falabella Per√∫ ",233895.68,84.81,47858.82,281839.31,410453.34,14.56,"2013","Febrero",2013-02-28
"29","B. Santander Per√∫",182295.79,3606.67,4838.89,190741.35,306735.33,16.08,"2013","Febrero",2013-02-28
"30","B. Ripley",104339.91,454.25,12379.07,117173.23,188780.85,16.11,"2013","Febrero",2013-02-28
"31","B. Azteca Per√∫",54084.45,29.66,13528.52,67642.63,92568.02,13.68,"2013","Febrero",2013-02-28
"32","Deutsche Bank Per√∫",58690.11,2845.61,3373.86,64909.58,134215.61,20.68,"2013","Febrero",2013-02-28
"33","B. Cencosud",19658.36,198.56,1496.61,21353.53,112181.97,52.54,"2013","Febrero",2013-02-28
"34"," TOTAL BANCA M√öLTIPLE",16581942.16,463192.08,904859.33,17949993.57,25118841.26,13.9938,"2013","Febrero",2013-02-28
"35","B. Continental",3715912.95,78453.56,156324.1,3950690.61,5072801.15,12.84,"2013","Marzo",2013-03-31
"36","B. de Comercio  ",140394.58,312.35,11563.44,152270.37,183582.16,12.06,"2013","Marzo",2013-03-31
"37","B. de Cr√©dito del Per√∫ (con sucursales en el exterior)",5722993.39,295987.57,326468.83,6345449.79,9294466.08,14.65,"2013","Marzo",2013-03-31
"38","B. Financiero",472152.56,6334.87,34398.86,512886.29,624921.66,12.18,"2013","Marzo",2013-03-31
"39","B. Interamericano de Finanzas",545531.99,6476.31,26890.58,578898.88,695184.53,12.01,"2013","Marzo",2013-03-31
"40","Scotiabank Per√∫ (con sucursales en el exterior)",2500543.32,26046.78,113370.13,2639960.23,4194353.53,15.89,"2013","Marzo",2013-03-31
"41","Citibank",303833.95,19098.6,36611.2,359543.75,578503.97,16.0899,"2013","Marzo",2013-03-31
"42","Interbank (con sucursales en el exterior)",2015355.73,11246.06,89570.62,2116172.41,3181695.37,15.04,"2013","Marzo",2013-03-31
"43","Mibanco",467185.84,1304.51,16136.05,484626.4,742791.85,15.33,"2013","Marzo",2013-03-31
"44","HSBC Bank Per√∫",256205.3,4863.83,18294.27,279363.4,482612.08,17.28,"2013","Marzo",2013-03-31
"45","B. Falabella Per√∫ ",237877.08,0.16,48435.88,286313.12,422242.74,14.75,"2013","Marzo",2013-03-31
"46","B. Santander Per√∫",186994.4,3933.79,4950.12,195878.31,321018.66,16.39,"2013","Marzo",2013-03-31
"47","B. Ripley",103935.05,359.82,12479.51,116774.38,188724.27,16.16,"2013","Marzo",2013-03-31
"48","B. Azteca Per√∫",53433.09,40.17,13368.31,66841.57,92153.54,13.79,"2013","Marzo",2013-03-31
"49","Deutsche Bank Per√∫",16267.32,4279.39,3418.99,23965.7,168304.57,70.23,"2013","Marzo",2013-03-31
"50","B. Cencosud",20861.18,199.44,2423.31,23483.93,112456.1,47.89,"2013","Marzo",2013-03-31
"51"," TOTAL BANCA M√öLTIPLE",16759477.73,458937.21,914704.2,18133119.14,26355812.26,14.5346,"2013","Marzo",2013-03-31
"52","B. Continental",3779691.69,93788.66,158422.98,4031903.33,5099304.27,12.65,"2013","Abril",2013-04-30
"53","B. de Comercio  ",138987.84,331.8,11571.86,150891.5,183774.78,12.18,"2013","Abril",2013-04-30
"54","B. de Cr√©dito del Per√∫ (con sucursales en el exterior)",5831000.47,286795.5,331694.66,6449490.63,9811668.86,15.21,"2013","Abril",2013-04-30
"55","B. Financiero",483130.42,2458.69,34810.58,520399.69,630496.21,12.12,"2013","Abril",2013-04-30
"56","B. Interamericano de Finanzas",563676.08,6435.3,27223.45,597334.83,706097.76,11.82,"2013","Abril",2013-04-30
"57","Scotiabank Per√∫ (con sucursales en el exterior)",2606734.6,23800.45,114495.01,2745030.06,4262305.77,15.53,"2013","Abril",2013-04-30
"58","Citibank",307786.76,16939.47,36980.54,361706.77,578996.06,16.0073,"2013","Abril",2013-04-30
"59","Interbank (con sucursales en el exterior)",2051362.16,18413.88,90675.06,2160451.1,3197996.29,14.8,"2013","Abril",2013-04-30
"60","Mibanco",465213.75,654.94,16239.03,482107.72,743808.99,15.43,"2013","Abril",2013-04-30
"61","HSBC Bank Per√∫",259615.33,5508.07,18454.16,283577.56,484465.68,17.08,"2013","Abril",2013-04-30
"62","B. Falabella Per√∫ ",236479.03,145.84,10729.26,247354.13,421776.11,17.05,"2013","Abril",2013-04-30
"63","B. Santander Per√∫",192190.01,6576.53,5123.62,203890.16,322793.52,15.83,"2013","Abril",2013-04-30
"64","B. Ripley",102152.36,394.24,12597.87,115144.47,188556.26,16.38,"2013","Abril",2013-04-30
"65","B. Azteca Per√∫",53537.98,9,13386.74,66933.72,92092.52,13.76,"2013","Abril",2013-04-30
"66","Deutsche Bank Per√∫",54233.94,7196.1,3667.67,65097.71,168304.57,25.85,"2013","Abril",2013-04-30
"67","B. Cencosud",21914.84,161.83,3259.17,25335.84,109999.92,43.42,"2013","Abril",2013-04-30
"68"," TOTAL BANCA M√öLTIPLE",17147707.26,469610.3,889331.66,18506649.22,27002437.57,14.5907,"2013","Abril",2013-04-30
"69","B. Continental",3870093.72,60013.26,160547.32,4090654.3,5138425.15,12.56,"2013","Mayo",2013-05-31
"70","B. de Comercio  ",141277.07,487.46,11613.18,153377.71,184459.7,12.03,"2013","Mayo",2013-05-31
"71","B. de Cr√©dito del Per√∫ (con sucursales en el exterior)",5931528.68,357024.5,336690.62,6625243.8,9922430.37,14.98,"2013","Mayo",2013-05-31
"72","B. Financiero",499663.57,5266.18,35179.28,540109.03,616753.26,11.42,"2013","Mayo",2013-05-31
"73","B. Interamericano de Finanzas",602807.08,375.82,27689.93,630872.83,841131.68,13.33,"2013","Mayo",2013-05-31
"74","Scotiabank Per√∫ (con sucursales en el exterior)",2653181.94,36969.45,115535.97,2805687.36,4290823.5,15.29,"2013","Mayo",2013-05-31
"75","Citibank",310581.13,26064.78,37463.78,374109.69,579361.63,15.4864,"2013","Mayo",2013-05-31
"76","Interbank (con sucursales en el exterior)",2070766.44,23889.57,91392.92,2186048.93,3215487.09,14.71,"2013","Mayo",2013-05-31
"77","Mibanco",466409.45,1652.81,16339.39,484401.65,746058.09,15.4,"2013","Mayo",2013-05-31
"78","HSBC Bank Per√∫",264008.78,5001.68,18608.67,287619.13,487165.19,16.94,"2013","Mayo",2013-05-31
"79","B. Falabella Per√∫ ",241421.38,349.32,11004.82,252775.52,422237.59,16.7,"2013","Mayo",2013-05-31
"80","B. Santander Per√∫",201726.74,12461.36,5295.83,219483.93,325528.94,14.83,"2013","Mayo",2013-05-31
"81","B. Ripley",103126.8,642.3,12714.24,116483.34,188576.63,16.19,"2013","Mayo",2013-05-31
"82","B. Azteca Per√∫",54376.23,43.18,13604.85,68024.26,92329.07,13.57,"2013","Mayo",2013-05-31
"83","Deutsche Bank Per√∫",26895.93,6401.79,3827.23,37124.95,168304.57,45.33,"2013","Mayo",2013-05-31
"84","B. Cencosud",24105.24,186.28,4146.92,28438.44,121168.01,42.61,"2013","Mayo",2013-05-31
"85"," TOTAL BANCA M√öLTIPLE",17461970.18,536829.74,901654.95,18900454.87,27340240.47,14.4654,"2013","Mayo",2013-05-31
"86","B. Continental",3982218.92,53893.33,163369.95,4199482.2,5553837.42,13.23,"2013","Junio",2013-06-30
"87","B. de Comercio  ",143838.64,432.61,11635.91,155907.16,184933.3,11.86,"2013","Junio",2013-06-30
"88","B. de Cr√©dito del Per√∫ (con sucursales en el exterior)",6081422.17,357724.45,340621.81,6779768.43,10208667.3,15.06,"2013","Junio",2013-06-30
"89","B. Financiero",504819.01,1961.69,35668.59,542449.29,608853.84,11.22,"2013","Junio",2013-06-30
"90","B. Interamericano de Finanzas",631699.68,2551.8,28202.35,662453.83,882681.56,13.32,"2013","Junio",2013-06-30
"91","Scotiabank Per√∫ (con sucursales en el exterior)",2751077.22,31889.18,116745.24,2899711.64,4315098.66,14.88,"2013","Junio",2013-06-30
"92","Citibank",322775.07,10607.2,37542.9,370925.17,580869.16,15.66,"2013","Junio",2013-06-30
"93","Interbank (con sucursales en el exterior)",2124122.34,19049.07,92316.97,2235488.38,3245893.57,14.52,"2013","Junio",2013-06-30
"94","Mibanco",463303.56,2254.5,16459.29,482017.35,746080.66,15.48,"2013","Junio",2013-06-30
"95","HSBC Bank Per√∫",271140.16,4374.16,18670.31,294184.63,489310.17,16.63,"2013","Junio",2013-06-30
"96","B. Falabella Per√∫ ",254843.27,466.55,11259.71,266569.53,423647.23,15.89,"2013","Junio",2013-06-30
"97","B. Santander Per√∫",216405.68,15584.68,5454.92,237445.28,390973.34,16.47,"2013","Junio",2013-06-30
"98","B. Ripley",105764.7,485.63,12842.36,119092.69,188805.22,15.85,"2013","Junio",2013-06-30
"99","B. Azteca Per√∫",54476.77,77.15,13638.48,68192.4,92342.39,13.54,"2013","Junio",2013-06-30
"100","Deutsche Bank Per√∫",74417.85,8591.29,3869.38,86878.52,168304.57,19.37,"2013","Junio",2013-06-30
"101","B. Cencosud",24160.39,13.81,5107.4,29281.6,119321.63,40.75,"2013","Junio",2013-06-30
"102"," TOTAL BANCA M√öLTIPLE",18006485.43,509957.1,913405.57,19429848.1,28199620.02,14.5136,"2013","Junio",2013-06-30
"103","B. Continental",3997296.65,64526.28,220427.82,4282250.75,5539334.58,12.94,"2013","Julio",2013-07-31
"104","B. de Comercio  ",145745.26,320.48,5636.35,151702.09,185078.63,12.2,"2013","Julio",2013-07-31
"105","B. de Cr√©dito del Per√∫ (con sucursales en el exterior)",6165171.14,362354.52,460553.48,6988079.14,10209775.94,14.61,"2013","Julio",2013-07-31
"106","B. Financiero",522348.56,2068.88,48231.96,572649.4,664229.83,11.6,"2013","Julio",2013-07-31
"107","B. Interamericano de Finanzas",645388.23,1172.19,38402.1,684962.52,891922.05,13.02,"2013","Julio",2013-07-31
"108","Scotiabank Per√∫ (con sucursales en el exterior)",2771894.86,35356.36,157244.56,2964495.78,4308929.42,14.54,"2013","Julio",2013-07-31
"109","Citibank",342153.4,31640.76,50270.99,424065.15,583309.63,13.7552,"2013","Julio",2013-07-31
"110","Interbank (con sucursales en el exterior)",2156258.71,32988.05,124989.25,2314236.01,3249095.6,14.04,"2013","Julio",2013-07-31
"111","Mibanco",462516.25,1376.17,22109.77,486002.19,746209.81,15.35,"2013","Julio",2013-07-31
"112","HSBC Bank Per√∫",271488.89,4332.86,25026.89,300848.64,489604.47,16.27,"2013","Julio",2013-07-31
"113","B. Falabella Per√∫ ",243766.17,208.4,15381.86,259356.43,422058.59,16.27,"2013","Julio",2013-07-31
"114","B. Santander Per√∫",201931.22,11241.12,7528.71,220701.05,389935.81,17.67,"2013","Julio",2013-07-31
"115","B. Ripley",104876.63,343.67,17342.34,122562.64,188748.31,15.4,"2013","Julio",2013-07-31
"116","B. Azteca Per√∫",55747.52,253.7,14000.3,70001.52,92331.51,13.19,"2013","Julio",2013-07-31
"117","Deutsche Bank Per√∫",41044.21,2263.02,5179.91,48487.14,168304.57,34.71,"2013","Julio",2013-07-31
"118","B. Cencosud",26314.11,135.1,6612.3,33061.51,116500.73,35.24,"2013","Julio",2013-07-31
"119"," TOTAL BANCA M√öLTIPLE",18153941.81,550581.56,1218938.59,19923461.96,28245369.48,14.1769,"2013","Julio",2013-07-31
"120","B. Continental",4066582.48,80792.05,222840.74,4370215.27,5551139.98,12.7,"2013","Agosto",2013-08-31
"121","B. de Comercio  ",140716.39,435.41,5649.74,146801.54,185591.83,12.64,"2013","Agosto",2013-08-31
"122","B. de Cr√©dito del Per√∫ (con sucursales en el exterior)",6251090.8,388724.58,465798.63,7105614.01,10228933.34,14.4,"2013","Agosto",2013-08-31
"123","B. Financiero",526720.01,1994.65,48700.97,577415.63,657024.51,11.38,"2013","Agosto",2013-08-31
"124","B. Interamericano de Finanzas",652396.22,1013.52,39205.52,692615.26,902158.51,13.03,"2013","Agosto",2013-08-31
"125","Scotiabank Per√∫ (con sucursales en el exterior)",2845175,48026.83,158750.85,3051952.68,4249955.11,13.93,"2013","Agosto",2013-08-31
"126","Citibank",349743.79,37913.41,50499.46,438156.66,584244.54,13.33,"2013","Agosto",2013-08-31
"127","Interbank (con sucursales en el exterior)",2190912.97,31784.01,126503.76,2349200.74,3338152.61,14.21,"2013","Agosto",2013-08-31
"128","Mibanco",461247.84,1397.06,22258.94,484903.84,744677.53,15.36,"2013","Agosto",2013-08-31
"129","HSBC Bank Per√∫",276200.8,4696.24,25229.1,306126.14,490486.93,16.02,"2013","Agosto",2013-08-31
"130","B. Falabella Per√∫ ",249929.08,198.02,15729.63,265856.73,422572.88,15.89,"2013","Agosto",2013-08-31
"131","B. Santander Per√∫",205200.27,9678.43,7805.65,222684.35,390975.35,17.56,"2013","Agosto",2013-08-31
"132","B. Ripley",107881.67,400.55,17542.43,125824.65,189150.87,15.03,"2013","Agosto",2013-08-31
"133","B. Azteca Per√∫",56641.35,63.85,14176.3,70881.5,101628.89,14.34,"2013","Agosto",2013-08-31
"134","Deutsche Bank Per√∫",23111.98,5619.36,5089.16,33820.5,168304.57,49.76,"2013","Agosto",2013-08-31
"135","B. Cencosud",27093.17,302.97,6849.03,34245.17,126314.28,36.89,"2013","Agosto",2013-08-31
"136"," TOTAL BANCA M√öLTIPLE",18430643.82,613040.94,1232629.91,20276314.67,28331311.73,13.9726,"2013","Agosto",2013-08-31
"610","B. Continental",4124801.61,79809.16,225405.28,4430016.05,5703095.78,12.87,"2013","Septiembre",2013-09-30
"710","B. de Comercio  ",152124.44,319.01,5657.08,158100.53,184096.99,11.64,"2013","Septiembre",2013-09-30
"810","B. de Cr√©dito del Per√∫ (con sucursales en el exterior)",6383644.35,379014.22,469043.24,7231701.81,10212327.83,14.12,"2013","Septiembre",2013-09-30
"910","B. Financiero",545956.95,3345.49,49296.52,598598.96,687236.04,11.48,"2013","Septiembre",2013-09-30
"1010","B. Interamericano de Finanzas",694351.02,740.31,40036.67,735128,910895.66,12.39,"2013","Septiembre",2013-09-30
"1110","Scotiabank Per√∫ (con sucursales en el exterior)",2973641.59,31461.19,160530.45,3165633.23,4288245.36,13.55,"2013","Septiembre",2013-09-30
"1210","Citibank",374076.84,24197.71,50640.23,448914.78,584490.25,13.02,"2013","Septiembre",2013-09-30
"137","Interbank (con sucursales en el exterior)",2292036.78,30181.9,127788.14,2450006.82,3344304.69,13.65,"2013","Septiembre",2013-09-30
"141","Mibanco",459440.93,1415.31,22374.88,483231.12,743030.53,15.38,"2013","Septiembre",2013-09-30
"151","HSBC Bank Per√∫",289898.21,3953.48,25375.06,319226.75,491648.01,15.4,"2013","Septiembre",2013-09-30
"161","B. Falabella Per√∫ ",248170.13,296.46,16107.51,264574.1,422066.87,15.95,"2013","Septiembre",2013-09-30
"171","B. Santander Per√∫",210782.89,6009.58,8024.98,224817.45,390626.4,17.38,"2013","Septiembre",2013-09-30
"181","B. Ripley",119404.98,501.61,17721.2,137627.79,207429,15.07,"2013","Septiembre",2013-09-30
"191","B. Azteca Per√∫",57809.17,71.87,14470.26,72351.3,101925.98,14.09,"2013","Septiembre",2013-09-30
"201","Deutsche Bank Per√∫",25175.92,5393.42,5228.42,35797.76,168304.57,47.02,"2013","Septiembre",2013-09-30
"211","B. Cencosud",29693.77,204.05,7474.45,37372.27,137317.44,36.74,"2013","Septiembre",2013-09-30
"221"," TOTAL BANCA M√öLTIPLE",18981009.58,566914.77,1245174.37,20793098.72,28577041.4,13.74,"2013","Septiembre",2013-09-30
"611","B. Continental",4139055.19,57618.87,228256.62,4424930.68,5820502.13,13.15,"2013","Octubre",2013-10-31
"711","B. de Comercio  ",151739.95,331.58,5678.49,157750.02,184263.84,11.68,"2013","Octubre",2013-10-31
"811","B. de Cr√©dito del Per√∫ (con sucursales en el exterior)",6525854.09,305041.16,474043.17,7304938.42,10198694.79,13.96,"2013","Octubre",2013-10-31
"911","B. Financiero",552763,3924.54,49855.68,606543.22,695973.94,11.47,"2013","Octubre",2013-10-31
"1011","B. Interamericano de Finanzas",703282.95,1332.7,40920.28,745535.93,930736.4,12.48,"2013","Octubre",2013-10-31
"1111","Scotiabank Per√∫ (con sucursales en el exterior)",2981355.77,21982.49,162344.02,3165682.28,4275122.47,13.5,"2013","Octubre",2013-10-31
"1211","Citibank",396530.83,31651.08,50887.06,479068.97,585551.36,12.22,"2013","Octubre",2013-10-31
"138","Interbank (con sucursales en el exterior)",2332465.69,27132.84,129165.03,2488763.56,3345407.07,13.44,"2013","Octubre",2013-10-31
"142","Mibanco",459156.12,2147.86,22565.19,483869.17,742648.94,15.35,"2013","Octubre",2013-10-31
"152","B. GNB",316945.44,736.74,25568.31,343250.49,494647,14.41,"2013","Octubre",2013-10-31
"162","B. Falabella Per√∫ ",246927.95,778.5,16479.64,264186.09,421487.87,15.95,"2013","Octubre",2013-10-31
"172","B. Santander Per√∫",213237,3745.22,8316.46,225298.68,390405.72,17.33,"2013","Octubre",2013-10-31
"182","B. Ripley",121342.98,390.53,17899.77,139633.28,208372.59,14.92,"2013","Octubre",2013-10-31
"192","B. Azteca Per√∫",60289.48,19.44,15077.23,75386.15,101793.11,13.5,"2013","Octubre",2013-10-31
"202","Deutsche Bank Per√∫",34618.09,3555.08,5304.93,43478.1,168304.57,38.71,"2013","Octubre",2013-10-31
"212","B. Cencosud",31976.35,319.63,8073.99,40369.97,145994.19,36.16,"2013","Octubre",2013-10-31
"222"," TOTAL BANCA M√öLTIPLE",19267540.88,460708.26,1260435.87,20988685.01,28709905.99,13.6788,"2013","Octubre",2013-10-31
"612","B. Continental",4320185.47,65801.91,230629.45,4616616.83,5859885.67,12.69,"2013","Noviembre",2013-11-30
"712","B. de Comercio  ",152199.89,236.76,5693.41,158130.06,187314,11.85,"2013","Noviembre",2013-11-30
"812","B. de Cr√©dito del Per√∫ (con sucursales en el exterior)",6653176.62,284367.84,480030.71,7417575.17,10759133.47,14.5,"2013","Noviembre",2013-11-30
"912","B. Financiero",566586.79,2814.36,22240.75,591641.9,701378.3,11.85,"2013","Noviembre",2013-11-30
"1012","B. Interamericano de Finanzas",717150.13,935.53,41732.51,759818.17,942339.29,12.4,"2013","Noviembre",2013-11-30
"1112","Scotiabank Per√∫ (con sucursales en el exterior)",3105835.05,36935.79,163755.25,3306526.09,4297433.43,13,"2013","Noviembre",2013-11-30
"1212","Citibank",367321.52,26763.1,51086.07,445170.69,585988.54,13.16,"2013","Noviembre",2013-11-30
"139","Interbank (con sucursales en el exterior)",2398947.59,26849.35,130182.59,2555979.53,3356740.73,13.13,"2013","Noviembre",2013-11-30
"143","Mibanco",459294.3,2074.52,22713.4,484082.22,743347.6,15.36,"2013","Noviembre",2013-11-30
"153","B. GNB",325673.75,884.55,25776.64,352334.94,496521.05,14.09,"2013","Noviembre",2013-11-30
"163","B. Falabella Per√∫ ",254911,769.13,16853.02,272533.15,432138.79,15.86,"2013","Noviembre",2013-11-30
"173","B. Santander Per√∫",217160.1,5973.83,8489.02,231622.95,385513.22,16.64,"2013","Noviembre",2013-11-30
"183","B. Ripley",123912.73,373.76,18088.21,142374.7,208624.47,14.65,"2013","Noviembre",2013-11-30
"193","B. Azteca Per√∫",61957.24,151.52,15527.19,77635.95,102578.7,13.21,"2013","Noviembre",2013-11-30
"203","Deutsche Bank Per√∫",29412.74,6861.18,5328.16,41602.08,168304.57,40.46,"2013","Noviembre",2013-11-30
"213","B. Cencosud",34606.72,294.35,8725.26,43626.33,146954.54,33.68,"2013","Noviembre",2013-11-30
"223"," TOTAL BANCA M√öLTIPLE",19788331.64,462087.48,1246851.64,21497270.76,29374196.37,13.6642,"2013","Noviembre",2013-11-30
"613","B. Continental",4396130.8,91413.76,233199.28,4720743.84,5865515.51,12.42,"2013","Diciembre",2013-12-31
"713","B. de Comercio  ",153159.62,276.84,5734.27,159170.73,188250,11.83,"2013","Diciembre",2013-12-31
"813","B. de Cr√©dito del Per√∫ (con sucursales en el exterior)",6675100.11,276787.57,486049.06,7437936.74,10753969.7,14.46,"2013","Diciembre",2013-12-31
"913","B. Financiero",565432.86,1980.88,22639.24,590052.98,724780.1,12.28,"2013","Diciembre",2013-12-31
"1013","B. Interamericano de Finanzas",730855.85,1786.75,42508.18,775150.78,1014389.2,13.09,"2013","Diciembre",2013-12-31
"1113","Scotiabank Per√∫ (con sucursales en el exterior)",3201182.73,31570.84,165854.55,3398608.12,4500773.37,13.24,"2013","Diciembre",2013-12-31
"1213","Citibank",371681.48,28167.5,51347.39,451196.37,586436.54,13,"2013","Diciembre",2013-12-31
"1310","Interbank (con sucursales en el exterior)",2510173.74,26615.26,131614.87,2668403.87,3572147.02,13.39,"2013","Diciembre",2013-12-31
"144","Mibanco",454758.99,2909.37,22832.73,480501.09,741850.3,15.44,"2013","Diciembre",2013-12-31
"154","B. GNB",330382.74,218.85,25936.99,356538.58,496971.7,13.94,"2013","Diciembre",2013-12-31
"164","B. Falabella Per√∫ ",267415.98,1743.43,17252.72,286412.13,431477.99,15.06,"2013","Diciembre",2013-12-31
"174","B. Santander Per√∫",212243.19,1588.8,8735.36,222567.35,384692.73,17.28,"2013","Diciembre",2013-12-31
"184","B. Ripley",133498.51,734.1,18265.04,152497.65,209901.6,13.76,"2013","Diciembre",2013-12-31
"194","B. Azteca Per√∫",65044.8,46.04,16272.71,81363.55,104257.74,12.81,"2013","Diciembre",2013-12-31
"204","Deutsche Bank Per√∫",15075.06,3296.67,4592.93,22964.66,168304.57,73.29,"2013","Diciembre",2013-12-31
"214","B. Cencosud",35779.79,306.54,9021.58,45107.91,167318.95,37.09,"2013","Diciembre",2013-12-31
"224"," TOTAL BANCA M√öLTIPLE",20117916.25,469443.2,1261856.9,21849216.35,29911037.02,13.6898,"2013","Diciembre",2013-12-31
"205","B. Continental",4410332.64,82565.93,235644.99,4728543.56,5874751.19,12.42,"2014","Enero",2014-01-31
"206","B. de Comercio  ",154000.94,318.5,5755.99,160075.43,185665.96,11.6,"2014","Enero",2014-01-31
"207","B. de Cr√©dito del Per√∫ (con sucursales en el exterior)",6749461.14,237761.02,492784,7480006.16,11273946.13,15.07,"2014","Enero",2014-01-31
"208","B. Financiero",565442.61,9146.11,22988.5,597577.22,722883.88,12.1,"2014","Enero",2014-01-31
"209","B. Interamericano de Finanzas",744897.26,1050.07,43389.31,789336.64,1026809.9,13.01,"2014","Enero",2014-01-31
"210","Scotiabank Per√∫ (con sucursales en el exterior)",3267002.12,26321.91,166854.44,3460178.47,4508771.09,13.03,"2014","Enero",2014-01-31
"2111","Citibank",364440.85,50922.72,51555.28,466918.85,586019.93,12.55,"2014","Enero",2014-01-31
"2121","Interbank (con sucursales en el exterior)",2446881.09,40229.43,132378.36,2619488.88,3564126.24,13.61,"2014","Enero",2014-01-31
"2131","Mibanco",445073.57,3760.79,22947.71,471782.07,736286.96,15.61,"2014","Enero",2014-01-31
"2141","B. GNB",334532.9,366.24,26159.65,361058.79,501272.17,13.88,"2014","Enero",2014-01-31
"215","B. Falabella Per√∫ ",263969.7,362.85,17628.81,281961.36,430853.74,15.28,"2014","Enero",2014-01-31
"216","B. Santander Per√∫",210519.09,2494.96,8919.74,221933.79,385514.84,17.37,"2014","Enero",2014-01-31
"217","B. Ripley",130712.68,1008.71,18452.68,150174.07,209667.84,13.96,"2014","Enero",2014-01-31
"218","B. Azteca Per√∫",65985.37,33.72,16504.77,82523.86,104405.82,12.65,"2014","Enero",2014-01-31
"219","Deutsche Bank Per√∫",54830.11,6175.1,5186.51,66191.72,168304.57,25.43,"2014","Enero",2014-01-31
"220","B. Cencosud",38036.6,193.43,9557.5,47787.53,167597.36,35.07,"2014","Enero",2014-01-31
"2211"," TOTAL BANCA M√öLTIPLE",20246118.67,462711.49,1276708.24,21985538.4,30446877.62,13.8486,"2014","Enero",2014-01-31
"2221","B. Continental",4428473.5,69821.16,238295.41,4736590.07,5843286.36,12.34,"2014","Febrero",2014-02-28
"2231","B. de Comercio  ",152063.77,329.64,5775.86,158169.27,186371.27,11.78,"2014","Febrero",2014-02-28
"2241","B. de Cr√©dito del Per√∫ (con sucursales en el exterior)",6818996.06,229875.92,497057.71,7545929.69,11259695.08,14.92,"2014","Febrero",2014-02-28
"225","B. Financiero",579775.91,2111.94,23291.72,605179.57,727112.37,12.01,"2014","Febrero",2014-02-28
"226","B. Interamericano de Finanzas",756567.62,2739.99,44130.41,803438.02,1031434.91,12.84,"2014","Febrero",2014-02-28
"227","Scotiabank Per√∫ (con sucursales en el exterior)",3258607.31,22728.03,168436.11,3449771.45,4522253.16,13.11,"2014","Febrero",2014-02-28
"228","Citibank",370583.39,35158.61,51835.34,457577.34,585005.1,12.78,"2014","Febrero",2014-02-28
"229","Interbank (con sucursales en el exterior)",2455703.77,39244.03,133822.48,2628770.28,3559219.34,13.54,"2014","Febrero",2014-02-28
"230","Mibanco",440867.1,3508.29,23048.67,467424.06,730054.42,15.62,"2014","Febrero",2014-02-28
"231","B. GNB",336859.95,327.93,26344.54,363532.42,510541.04,14.04,"2014","Febrero",2014-02-28
"232","B. Falabella Per√∫ ",262624.73,655.39,17959.17,281239.29,430560.96,15.31,"2014","Febrero",2014-02-28
"233","B. Santander Per√∫",225228.85,4551.62,9172.47,238952.94,386513.96,16.18,"2014","Febrero",2014-02-28
"234","B. Ripley",131366.3,1578.91,18580.26,151525.47,209612.32,13.83,"2014","Febrero",2014-02-28
"235","B. Azteca Per√∫",67130.84,93.51,16806.09,84030.44,104566.52,12.44,"2014","Febrero",2014-02-28
"236","Deutsche Bank Per√∫",39994.29,7168.92,5249.89,52413.1,168304.57,32.11,"2014","Febrero",2014-02-28
"237","B. Cencosud",36523.23,28.33,9137.89,45689.45,167412.32,36.64,"2014","Febrero",2014-02-28
"238","B. ICBC",3363.35,5184.6,61.07,8609.02,120505.33,139.98,"2014","Febrero",2014-02-28
"239"," TOTAL BANCA M√öLTIPLE",20364729.97,425106.82,1289005.09,22078841.88,30542449.03,13.8334,"2014","Febrero",2014-02-28
"240","B. Continental",4501974.42,77328.37,241197.24,4820500.03,5973711.03,12.39,"2014","Marzo",2014-03-31
"241","B. de Comercio  ",153083.57,125.91,5821.44,159030.92,191376.52,12.03,"2014","Marzo",2014-03-31
"242","B. de Cr√©dito del Per√∫ (con sucursales en el exterior)",6933118.17,179678.01,502428.54,7615224.72,11477035.1,15.07,"2014","Marzo",2014-03-31
"243","B. Financiero",586769.55,11097.01,23572.56,621439.12,739832.89,11.91,"2014","Marzo",2014-03-31
"244","B. Interamericano de Finanzas",771279.76,1223.38,44987.86,817491,1042586.16,12.75,"2014","Marzo",2014-03-31
"245","Scotiabank Per√∫ (con sucursales en el exterior)",3319146.76,32704.74,170205.22,3522056.72,4696562.39,13.33,"2014","Marzo",2014-03-31
"246","Citibank",379640.17,32205.52,51701.54,463547.23,721764.13,15.57,"2014","Marzo",2014-03-31
"247","Interbank (con sucursales en el exterior)",2483841.56,32822.55,135712.65,2652376.76,4444338.73,16.76,"2014","Marzo",2014-03-31
"248","Mibanco",431356.83,3023.4,23148.65,457528.88,763404.04,16.69,"2014","Marzo",2014-03-31
"249","B. GNB",359235.96,426.24,26598.59,386260.79,515012.4,13.33,"2014","Marzo",2014-03-31
"250","B. Falabella Per√∫ ",256953.89,616.35,18315.02,275885.26,460771.05,16.7,"2014","Marzo",2014-03-31
"251","B. Santander Per√∫",246687.7,1286.38,9394.14,257368.22,408315.21,15.87,"2014","Marzo",2014-03-31
"252","B. Ripley",131219.51,1592.35,18742.36,151554.22,209597.31,13.83,"2014","Marzo",2014-03-31
"253","B. Azteca Per√∫",67725.43,53.09,16944.63,84723.15,104670.11,12.35,"2014","Marzo",2014-03-31
"254","Deutsche Bank Per√∫",57497.42,10798.54,5484.72,73780.68,170629.95,23.13,"2014","Marzo",2014-03-31
"255","B. Cencosud",38640.42,26.38,9666.7,48333.5,167675.86,34.69,"2014","Marzo",2014-03-31
"256","B. ICBC",3395.11,5160.82,109.05,8664.98,119775.5,138.23,"2014","Marzo",2014-03-31
"257"," TOTAL BANCA M√öLTIPLE",20721566.23,390169.04,1304030.91,22415766.18,32207058.38,14.368,"2014","Marzo",2014-03-31
"258","B. Continental",4460893.16,97031.73,244499.83,4802424.72,6218674.75,12.95,"2014","Abril",2014-04-30
"259","B. de Comercio  ",152320.07,60.31,5857.74,158238.12,192200.34,12.15,"2014","Abril",2014-04-30
"260","B. de Cr√©dito del Per√∫ (con sucursales en el exterior)",6995715.66,131688.03,508412.08,7635815.77,11475252.23,15.03,"2014","Abril",2014-04-30
"261","B. Financiero",598585.41,7336.93,23988.97,629911.31,743863.07,11.81,"2014","Abril",2014-04-30
"262","B. Interamericano de Finanzas",777363.94,866.97,45717.05,823947.96,1048707.77,12.73,"2014","Abril",2014-04-30
"263","Scotiabank Per√∫ (con sucursales en el exterior)",3372559,36277.37,171494.47,3580330.84,4740683.3,13.24,"2014","Abril",2014-04-30
"264","Citibank",379641.69,31062,51666.16,462369.85,721805.95,15.61,"2014","Abril",2014-04-30
"265","Interbank (con sucursales en el exterior)",2551566.64,28558.39,137103.41,2717228.44,4457298.55,16.4,"2014","Abril",2014-04-30
"266","Mibanco",431427.3,3109.68,23218.29,457755.27,761616.31,16.64,"2014","Abril",2014-04-30
"267","B. GNB",360799.6,500.87,26814.9,388115.37,515206.92,13.27,"2014","Abril",2014-04-30
"268","B. Falabella Per√∫ ",261465.05,1084.01,18656.02,281205.08,461004.24,16.39,"2014","Abril",2014-04-30
"269","B. Santander Per√∫",248629.12,1686.59,9591.25,259906.96,408562.72,15.72,"2014","Abril",2014-04-30
"270","B. Ripley",130038.91,1358.48,18875.05,150272.44,234451.3,15.6,"2014","Abril",2014-04-30
"271","B. Azteca Per√∫",66211.3,84.21,16573.88,82869.39,110423.84,13.33,"2014","Abril",2014-04-30
"272","Deutsche Bank Per√∫",28926.69,8024,5547.19,42497.88,170629.95,40.15,"2014","Abril",2014-04-30
"273","B. Cencosud",38271.82,119,9597.7,47988.52,167233.68,34.85,"2014","Abril",2014-04-30
"274","B. ICBC",4500.44,5159.81,141.08,9801.33,118763.92,121.17,"2014","Abril",2014-04-30
"275"," TOTAL BANCA M√öLTIPLE",20858915.8,354008.38,1317755.07,22530679.25,32546378.84,14.4454,"2014","Abril",2014-04-30
"276","B. Continental",4448022.93,76698.75,247391.82,4772113.5,6193649.62,12.98,"2014","Mayo",2014-05-31
"277","B. de Comercio  ",152750.89,68.54,5886.4,158705.83,193076.3,12.17,"2014","Mayo",2014-05-31
"278","B. de Cr√©dito del Per√∫ (con sucursales en el exterior)",7006477.04,103113.63,514479.05,7624069.72,11396180.87,14.95,"2014","Mayo",2014-05-31
"279","B. Financiero",596970.64,7947.69,24322.61,629240.94,746814.05,11.87,"2014","Mayo",2014-05-31
"280","B. Interamericano de Finanzas",788551.1,1077.73,46576.43,836205.26,1044429.61,12.49,"2014","Mayo",2014-05-31
"281","Scotiabank Per√∫ (con sucursales en el exterior)",3415537.87,41240.12,173214.51,3629992.5,4710279.22,12.98,"2014","Mayo",2014-05-31
"282","Citibank",367896.07,33157.37,52095.9,453149.34,720548.45,15.9,"2014","Mayo",2014-05-31
"283","Interbank (con sucursales en el exterior)",2597170.72,32106.7,137956.99,2767234.41,4488332.03,16.22,"2014","Mayo",2014-05-31
"284","Mibanco",427648.34,3788.11,23323.98,454760.43,751726.74,16.53,"2014","Mayo",2014-05-31
"285","B. GNB",359160.89,665.82,26993.01,386819.72,583041.28,15.07,"2014","Mayo",2014-05-31
"286","B. Falabella Per√∫ ",268823.33,834.24,18998.69,288656.26,461682.82,15.99,"2014","Mayo",2014-05-31
"287","B. Santander Per√∫",255303.5,3171.64,9823.73,268298.87,462959.22,17.26,"2014","Mayo",2014-05-31
"288","B. Ripley",134490.74,1039.36,8484.63,144014.73,260299.45,18.07,"2014","Mayo",2014-05-31
"289","B. Azteca Per√∫",65687.41,150.07,16459.37,82296.85,110395.11,13.41,"2014","Mayo",2014-05-31
"290","Deutsche Bank Per√∫",38589.75,10264.44,5698.49,54552.68,170629.95,31.28,"2014","Mayo",2014-05-31
"291","B. Cencosud",40253.07,134.23,10096.82,50484.12,167160.62,33.11,"2014","Mayo",2014-05-31
"292","B. ICBC",4196.34,5037.64,81.31,9315.29,116987.36,125.59,"2014","Mayo",2014-05-31
"293"," TOTAL BANCA M√öLTIPLE",20967530.63,320496.08,1321883.74,22609910.45,32578192.7,14.4088,"2014","Mayo",2014-05-31
"294","B. Continental",4504953.49,77210.31,249986.48,4832150.28,6392085.63,13.23,"2014","Junio",2014-06-30
"295","B. de Comercio  ",153112.41,151.44,5911.78,159175.63,194265.41,12.2,"2014","Junio",2014-06-30
"296","B. de Cr√©dito del Per√∫ (con sucursales en el exterior)",7256393.82,92806.01,521639.13,7870838.96,11472158.39,14.58,"2014","Junio",2014-06-30
"297","B. Financiero",606241.64,7171.16,24723.37,638136.17,785742.54,12.31,"2014","Junio",2014-06-30
"298","B. Interamericano de Finanzas",801298.44,1015.51,47412.93,849726.88,1053223.31,12.39,"2014","Junio",2014-06-30
"299","Scotiabank Per√∫ (con sucursales en el exterior)",3477479.61,39055.58,174800.05,3691335.24,4716584.44,12.78,"2014","Junio",2014-06-30
"300","Citibank",360923.06,49402.5,52148.62,462474.18,720847.41,15.59,"2014","Junio",2014-06-30
"301","Interbank (con sucursales en el exterior)",2660409.02,39764.44,139100.63,2839274.09,4491716.88,15.82,"2014","Junio",2014-06-30
"302","Mibanco",424497.91,3089.06,23363.63,450950.6,748112.85,16.59,"2014","Junio",2014-06-30
"303","B. GNB",364504.93,711.84,27150.87,392367.64,584787.73,14.9,"2014","Junio",2014-06-30
"304","B. Falabella Per√∫ ",272040.11,1426.13,19314.45,292780.69,461904.65,15.78,"2014","Junio",2014-06-30
"305","B. Santander Per√∫",266084.04,663.82,10085.76,276833.62,458962.93,16.58,"2014","Junio",2014-06-30
"306","B. Ripley",132977.37,1212.98,8624.85,142815.2,259813.1,18.19,"2014","Junio",2014-06-30
"307","B. Azteca Per√∫",64423.9,214.14,16159.51,80797.55,115911.21,14.35,"2014","Junio",2014-06-30
"308","Deutsche Bank Per√∫",31051.41,10626.73,5458.6,47136.74,170629.95,36.2,"2014","Junio",2014-06-30
"309","B. Cencosud",41599.65,114.36,10428.5,52142.51,167012.49,32.03,"2014","Junio",2014-06-30
"310","B. ICBC",4244.63,5333.47,184.3,9762.4,116556.31,119.39,"2014","Junio",2014-06-30
"311"," TOTAL BANCA M√öLTIPLE",21422235.44,329969.48,1336493.46,23088698.38,32910315.23,14.2539,"2014","Junio",2014-06-30
"312","B. Continental",4546348.87,92671.36,315986.59,4955006.82,6394413.02,12.9,"2014","Julio",2014-07-31
"313","B. de Comercio  ",154771.63,119.06,7387.01,162277.7,196453.77,12.11,"2014","Julio",2014-07-31
"314","B. de Cr√©dito del Per√∫ (con sucursales en el exterior)",7515749.48,145771.86,661308.34,8322829.68,11357340.02,13.65,"2014","Julio",2014-07-31
"315","B. Financiero",604234.55,13822.4,31343.91,649400.86,790421.61,12.17,"2014","Julio",2014-07-31
"316","B. Interamericano de Finanzas",812073.29,742.91,60354.92,873171.12,1093979.2,12.53,"2014","Julio",2014-07-31
"317","Scotiabank Per√∫ (con sucursales en el exterior)",3561776.65,33306.41,220619.36,3815702.42,5212984.06,13.66,"2014","Julio",2014-07-31
"318","Citibank",360278.72,14647.44,65859.71,440785.87,720564.16,16.35,"2014","Julio",2014-07-31
"319","Interbank (con sucursales en el exterior)",2688175.93,41904.48,173765.08,2903845.49,4492110.66,15.47,"2014","Julio",2014-07-31
"320","Mibanco",416876.58,3948.93,29250.1,450075.61,744920.68,16.55,"2014","Julio",2014-07-31
"321","B. GNB",349816.3,918.49,34195.7,384930.49,583058.67,15.15,"2014","Julio",2014-07-31
"322","B. Falabella Per√∫ ",269080.97,1235.47,24578.89,294895.33,461275.21,15.64,"2014","Julio",2014-07-31
"323","B. Santander Per√∫",274453.58,6404.45,12804.21,293662.24,460007.47,15.66,"2014","Julio",2014-07-31
"324","B. Ripley",120211.58,1581.03,10930.1,132722.71,258250.29,19.46,"2014","Julio",2014-07-31
"325","B. Azteca Per√∫",63485.84,62.58,15887.1,79435.52,116470.79,14.66,"2014","Julio",2014-07-31
"326","Deutsche Bank Per√∫",27799.54,8695.75,6767.24,43262.53,170629.95,39.44,"2014","Julio",2014-07-31
"327","B. Cencosud",40166.68,69.22,10058.97,50294.87,166673.9,33.14,"2014","Julio",2014-07-31
"328","B. ICBC",4512.36,5199.95,272.49,9984.8,115311.16,115.49,"2014","Julio",2014-07-31
"329"," TOTAL BANCA M√öLTIPLE",21809812.55,371101.79,1681369.72,23862284.06,33334864.62,13.9697,"2014","Julio",2014-07-31
"330","B. Continental",4610255.01,105557.02,318565.89,5034377.92,6416998.42,12.75,"2014","Agosto",2014-08-31
"331","B. de Comercio  ",154988,150.54,7440.6,162579.14,196939.22,12.11,"2014","Agosto",2014-08-31
"332","B. de Cr√©dito del Per√∫ (con sucursales en el exterior)",7603491.91,143386.15,585426.94,8332305,11438339.46,13.73,"2014","Agosto",2014-08-31
"333","B. Financiero",612149.1,9523.69,31814.6,653487.39,801510.76,12.27,"2014","Agosto",2014-08-31
"334","B. Interamericano de Finanzas",816332.46,566.08,61362.71,878261.25,1108573.95,12.62,"2014","Agosto",2014-08-31
"335","Scotiabank Per√∫ (con sucursales en el exterior)",3685010.3,33086.67,222150.29,3940247.26,5232755.93,13.28,"2014","Agosto",2014-08-31
"336","Citibank",351047.26,48471.16,66291.76,465810.18,720127.77,15.46,"2014","Agosto",2014-08-31
"337","Interbank (con sucursales en el exterior)",2749785.32,30938.08,175294.56,2956017.96,4696050.91,15.89,"2014","Agosto",2014-08-31
"338","Mibanco",414758.48,3501.24,29281.79,447541.51,737110.06,16.47,"2014","Agosto",2014-08-31
"339","B. GNB",356825.22,1029.8,34280.27,392135.29,585130.98,14.92,"2014","Agosto",2014-08-31
"340","B. Falabella Per√∫ ",272060.86,874.19,24985.74,297920.79,461738.68,15.5,"2014","Agosto",2014-08-31
"341","B. Santander Per√∫",269174.44,5296.58,12997.18,287468.2,461022.6,16.04,"2014","Agosto",2014-08-31
"342","B. Ripley",119944.6,1705,11083,132732.6,258211.33,19.45,"2014","Agosto",2014-08-31
"343","B. Azteca Per√∫",62611.67,84.29,15673.99,78369.95,117923.08,15.05,"2014","Agosto",2014-08-31
"344","Deutsche Bank Per√∫",42729.72,9336.42,6881.96,58948.1,170629.95,28.95,"2014","Agosto",2014-08-31
"345","B. Cencosud",40986.09,156.79,10285.72,51428.6,163931.83,31.88,"2014","Agosto",2014-08-31
"346","B. ICBC",5350.31,5372.41,460.12,11182.84,115176.76,102.99,"2014","Agosto",2014-08-31
"347"," TOTAL BANCA M√öLTIPLE",22167500.75,399036.11,1614277.12,24180813.98,33682171.69,13.9293,"2014","Agosto",2014-08-31
