,variables,R. Crédito,R. Mercado,R. Operacional,Total,Patrimonio Efectivo,R. Capital Global,Periodo,Mes,Fecha
5,CMAC Arequipa,105523.3427,1709.1467,10381.1367,117613.6261,220628.5262,17.8208,2009,Julio,31/07/2009
6,CMAC Cusco,51361.3688,221.5464,4886.0945,56469.0097,138421.8809,23.2872,2009,Julio,31/07/2009
7,CMAC Del Santa,15286.7757,78.0504,1567.1333,16931.9594,30205.5414,16.9474,2009,Julio,31/07/2009
8,CMAC Huancayo,44856.0349,96.1135,4656.9282,49609.0765,119835.5598,22.9482,2009,Julio,31/07/2009
9,CMAC Ica,28021.6827,143.7622,2861.6995,31027.1444,63387.2649,19.4081,2009,Julio,31/07/2009
10,CMAC Maynas,18282.4445,30.1424,1850.37,20162.9569,33205,15.65,2009,Julio,31/07/2009
11,CMAC Paita,20589.7946,176.3408,1852.4619,22618.5974,33374.2914,14.0175,2009,Julio,31/07/2009
12,CMAC Pisco,2924.2665,0.4586,385.2889,3310.0141,5003.0394,14.3591,2009,Julio,31/07/2009
13,CMAC Piura,89925.7363,255.1301,8466.9462,98647.8126,170564.0425,16.4257,2009,Julio,31/07/2009
14,CMAC Sullana,67619.5286,102,5673.7292,73395.2578,121998.1617,15.791,2009,Julio,31/07/2009
15,CMAC Tacna,30773.2277,44.6748,2506.5639,33324.4665,65078.8269,18.5524,2009,Julio,31/07/2009
16,CMAC Trujillo,108284.8779,38.7537,9118.9069,117442.5385,197906.1188,16.0087,2009,Julio,31/07/2009
18,TOTAL CAJAS MUNICIPALES DE AHORRO Y CRÃ‰DITO,583449.0809,2896.1198,54207.2592,640552.4599,1199608.254,17.7913,2009,Julio,31/07/2009
19,CMCP Lima,24546.8813,97.837,3473.18,28117.8983,71675.8507,24.2166,2009,Julio,31/07/2009
21,TOTAL CAJAS MUNICIPALES,607995.9622,2993.9568,57680.4392,668670.3582,1271284.105,18.0615,2009,Julio,31/07/2009
51,CMAC Arequipa,106105.5,3966.11,10560.91,120632.52,224518.95,17.68,2009,Agosto,31/08/2009
61,CMAC Cusco,52591.22,255.84,4965.12,57812.18,141683.05,23.28,2009,Agosto,31/08/2009
71,CMAC Del Santa,15570.7,96.21,1585.49,17252.4,31076.47,17.11,2009,Agosto,31/08/2009
81,CMAC Huancayo,45312.61,47.17,4746.97,50106.75,121297.99,23,2009,Agosto,31/08/2009
91,CMAC Ica,28687.99,160.05,2905.13,31753.17,64169.41,19.2,2009,Agosto,31/08/2009
101,CMAC Maynas,18299.6,40.77,1871.95,20212.32,33151.23,15.58,2009,Agosto,31/08/2009
111,CMAC Paita,20951.67,62.61,1884.53,22898.81,33201.67,13.77,2009,Agosto,31/08/2009
121,CMAC Pisco,2949.38,1.96,387.44,3338.78,5008.77,14.25,2009,Agosto,31/08/2009
131,CMAC Piura,88452.17,1.86,8620.38,97074.41,191019.84,18.69,2009,Agosto,31/08/2009
141,CMAC Sullana,68574.01,0.16,5808.65,74382.82,125068.82,15.97,2009,Agosto,31/08/2009
151,CMAC Tacna,30909.02,66.39,2548.63,33524.04,65097.75,18.45,2009,Agosto,31/08/2009
161,CMAC Trujillo,108287.21,109.13,9273.87,117670.21,197711.42,15.96,2009,Agosto,31/08/2009
181,TOTAL CAJAS MUNICIPALES DE AHORRO Y CRÃ‰DITO,586691.08,4808.26,55159.07,646658.41,1233005.37,18.1182,2009,Agosto,31/08/2009
191,CMCP Lima,24972.38,1183.44,3496.4,29652.22,71705.82,22.97,2009,Agosto,31/08/2009
211,TOTAL CAJAS MUNICIPALES,611663.46,5991.7,58655.47,676310.63,1304711.19,18.327,2009,Agosto,31/08/2009
52,CMAC Arequipa,106676.34,4101.8,10751.95,121530.09,227932.75,17.82,2009,Septiembre,30/09/2009
62,CMAC Cusco,52203.1,258.89,5043.97,57505.96,143219.85,23.66,2009,Septiembre,30/09/2009
72,CMAC Del Santa,15856.84,148.11,1599.55,17604.5,30569.09,16.5,2009,Septiembre,30/09/2009
82,CMAC Huancayo,45433.47,162.29,4842.5,50438.26,121588.8,22.91,2009,Septiembre,30/09/2009
92,CMAC Ica,29188.61,209.68,2958.89,32357.18,65116.83,19.12,2009,Septiembre,30/09/2009
102,CMAC Maynas,18665.46,37.7,1892.5,20595.66,37467.56,17.28,2009,Septiembre,30/09/2009
112,CMAC Paita,20932.17,7.46,1903.35,22842.98,33168.84,13.79,2009,Septiembre,30/09/2009
122,CMAC Pisco,2977.73,2.59,388.58,3368.9,5010.66,14.13,2009,Septiembre,30/09/2009
132,CMAC Piura,86423.18,373.9,8787.73,95584.81,192584.31,19.14,2009,Septiembre,30/09/2009
142,CMAC Sullana,69884.15,38.85,5942.33,75865.33,136128.1,17.05,2009,Septiembre,30/09/2009
152,CMAC Tacna,31669.22,25.16,2597.19,34291.57,64882.76,17.97,2009,Septiembre,30/09/2009
162,CMAC Trujillo,108449.21,60.48,9411.25,117920.94,197203.2054,15.8872,2009,Septiembre,30/09/2009
182,TOTAL CAJAS MUNICIPALES DE AHORRO Y CRÃ‰DITO,588359.48,5426.91,56119.79,649906.18,1254872.755,18.3474,2009,Septiembre,30/09/2009
192,CMCP Lima,25613.61,1323.12,3524.56,30461.29,70620.16,22.02,2009,Septiembre,30/09/2009
212,TOTAL CAJAS MUNICIPALES,613973.09,6750.03,59644.35,680367.47,1325492.915,18.5079,2009,Septiembre,30/09/2009
53,CMAC Arequipa,107527.62,6636.46,10899.09,125063.17,231188.1,17.56,2009,Octubre,31/10/2009
63,CMAC Cusco,56175.97,189.14,5131.62,61496.73,144912.56,22.39,2009,Octubre,31/10/2009
73,CMAC Del Santa,16627.66,152.73,1620.25,18400.64,30944.63,15.98,2009,Octubre,31/10/2009
83,CMAC Huancayo,45905.54,279.53,4943.1,51128.17,123265.05,22.91,2009,Octubre,31/10/2009
93,CMAC Ica,30272.29,221.54,3014.58,33508.41,65977.24,18.71,2009,Octubre,31/10/2009
103,CMAC Maynas,19110.07,17.53,1915.98,21043.58,37555.77,16.95,2009,Octubre,31/10/2009
113,CMAC Paita,21834.77,50.76,1927.16,23812.69,33495.42,13.36,2009,Octubre,31/10/2009
123,CMAC Pisco,2988.25,7.95,389.46,3385.66,4990.63,14,2009,Octubre,31/10/2009
133,CMAC Piura,86836.08,626.07,8964.1,96426.25,193269.18,19.04,2009,Octubre,31/10/2009
143,CMAC Sullana,71511.52,113.58,6077.85,77702.95,138417.21,16.92,2009,Octubre,31/10/2009
153,CMAC Tacna,33063.82,8.16,2656.8,35728.78,64572.22,17.17,2009,Octubre,31/10/2009
163,CMAC Trujillo,108560.32,265.8,9532.1,118358.22,197316.89,15.84,2009,Octubre,31/10/2009
183,TOTAL CAJAS MUNICIPALES DE AHORRO Y CRÃ‰DITO,600413.91,8569.25,57072.09,666055.25,1265904.9,18.0602,2009,Octubre,31/10/2009
193,CMCP Lima,27445.08,1212.29,3552.04,32209.41,70740.2,20.87,2009,Octubre,31/10/2009
213,TOTAL CAJAS MUNICIPALES,627858.99,9781.54,60624.13,698264.66,1336645.1,18.1853,2009,Octubre,31/10/2009
54,CMAC Arequipa,110529.79,3668.36,11072.83,125270.98,231802.86,17.58,2009,Noviembre,30/11/2009
64,CMAC Cusco,58436.11,143.37,5213.2,63792.68,146646.39,21.84,2009,Noviembre,30/11/2009
74,CMAC Del Santa,17032.02,158.54,1640.85,18831.41,31297.84,15.79,2009,Noviembre,30/11/2009
84,CMAC Huancayo,46835.27,79.82,5033.31,51948.4,125760.12,23,2009,Noviembre,30/11/2009
94,CMAC Ica,31222.99,87.62,3063.29,34373.9,66923.24,18.5,2009,Noviembre,30/11/2009
104,CMAC Maynas,19489.87,1.72,1939.53,21431.12,37569.25,16.65,2009,Noviembre,30/11/2009
114,CMAC Paita,22517.9,22.39,1951.11,24491.4,33824.98,13.12,2009,Noviembre,30/11/2009
124,CMAC Pisco,3058.85,18.85,391.3135,3469.0135,5022.48,13.75,2009,Noviembre,30/11/2009
134,CMAC Piura,102047.98,983.01,9122.2,112153.19,194890.02,16.51,2009,Noviembre,30/11/2009
144,CMAC Sullana,74165.97,93.63,6211.55,80471.15,140784.19,16.62,2009,Noviembre,30/11/2009
154,CMAC Tacna,33757.82,22.37,2713.48,36493.67,64080.64,16.68,2009,Noviembre,30/11/2009
164,CMAC Trujillo,109357.9,2.16,9677.72,119037.78,197303.14,15.75,2009,Noviembre,30/11/2009
184,TOTAL CAJAS MUNICIPALES DE AHORRO Y CRÃ‰DITO,628452.47,5281.84,58030.3835,691764.6935,1275905.15,17.526,2009,Noviembre,30/11/2009
194,CMCP Lima,29483.31,1396.31,3583.99,34463.61,70918.91,19.55,2009,Noviembre,30/11/2009
214,TOTAL CAJAS MUNICIPALES,657935.78,6678.15,61614.3735,726228.3035,1346824.06,17.6182,2009,Noviembre,30/11/2009
55,CMAC Arequipa,110383.49,5911.61,11250.16,127545.26,234927.25,17.5,2009,Diciembre,31/12/2009
65,CMAC Cusco,57495.72,215.94,5310.17,63021.83,149214,22.49,2009,Diciembre,31/12/2009
75,CMAC Del Santa,17587.83,215.87,1670.67,19474.37,31777.53,15.5,2009,Diciembre,31/12/2009
85,CMAC Huancayo,47528.23,226.57,5130.83,52885.63,128492.18,23.09,2009,Diciembre,31/12/2009
95,CMAC Ica,32271.14,106.13,3119.49,35496.76,67813.9,18.15,2009,Diciembre,31/12/2009
105,CMAC Maynas,19869.04,17.79,1964.75,21851.58,37600.5,16.35,2009,Diciembre,31/12/2009
115,CMAC Paita,22750.64,1.07,1979.07,24730.78,34434.1,13.23,2009,Diciembre,31/12/2009
125,CMAC Pisco,3122.37,14.8,393.52,3530.69,4966.65,13.36,2009,Diciembre,31/12/2009
135,CMAC Piura,101519.77,38.5,9294.29,110852.56,195735.46,16.77,2009,Diciembre,31/12/2009
145,CMAC Sullana,73629.23,28.28,6369.02,80026.53,142564.94,16.92,2009,Diciembre,31/12/2009
155,CMAC Tacna,34205.85,6.75,2780.98,36993.58,63691.36,16.36,2009,Diciembre,31/12/2009
165,CMAC Trujillo,108398.4,61.42,9782.19,118242.01,194121.59,15.6,2009,Diciembre,31/12/2009
185,TOTAL CAJAS MUNICIPALES DE AHORRO Y CRÃ‰DITO,628761.71,6844.73,59045.14,694651.58,1285339.46,17.5824,2009,Diciembre,31/12/2009
195,CMCP Lima,30834.08,1099.69,3620.3,35554.07,82044.07,21.92,2009,Diciembre,31/12/2009
215,TOTAL CAJAS MUNICIPALES,659595.79,7944.42,62665.44,730205.65,1367383.53,17.7897,2009,Diciembre,31/12/2009
512,CMAC Arequipa,111409.71,7885.26,11411.62,130706.59,237221.47,17.24,2010,Enero,31/01/2010
612,CMAC Cusco,58646.83,285.16,5400.4,64332.39,151509.96,22.37,2010,Enero,31/01/2010
712,CMAC Del Santa,17559.26,227.97,1684.86,19472.09,31519.26,15.38,2010,Enero,31/01/2010
812,CMAC Huancayo,47379.33,121.41,5212.21,52712.95,129692.87,23.38,2010,Enero,31/01/2010
912,CMAC Ica,32461.35,91.14,3169.31,35721.8,68605.78,18.25,2010,Enero,31/01/2010
1012,CMAC Maynas,19697.91,30.76,1988.19,21716.86,37444.02,16.38,2010,Enero,31/01/2010
1112,CMAC Paita,22975.08,11.1,2006.99,24993.17,34657.24,13.17,2010,Enero,31/01/2010
1212,CMAC Pisco,3177.79,18.29,395.79,3591.87,5035.47,13.32,2010,Enero,31/01/2010
1311,CMAC Piura,100274.34,271.36,9438.68,109984.38,195376.19,16.88,2010,Enero,31/01/2010
1412,CMAC Sullana,73380.06,122.54,6476.39,79978.99,143572.41,17.05,2010,Enero,31/01/2010
1512,CMAC Tacna,34696.72,4.07,2829.71,37530.5,63639.16,16.11,2010,Enero,31/01/2010
166,CMAC Trujillo,107040.36,12.54,9939.54,116992.44,194425.09,15.79,2010,Enero,31/01/2010
1811,TOTAL CAJAS MUNICIPALES DE AHORRO Y CRÃ‰DITO,628698.74,9081.6,59953.69,697734.03,1292698.92,17.6051,2010,Enero,31/01/2010
196,CMCP Lima,33034.2,1085.99,3656.42,37776.61,82433.5,20.73,2010,Enero,31/01/2010
216,TOTAL CAJAS MUNICIPALES,661732.94,10167.59,63610.11,735510.64,1375132.42,17.7615,2010,Enero,31/01/2010
513,CMAC Arequipa,113448.01,7723.43,11561.35,132732.79,239313.56,17.13,2010,Febrero,28/02/2010
613,CMAC Cusco,60275.13,335.09,5500.9,66111.12,154012.11,22.13,2010,Febrero,28/02/2010
713,CMAC Del Santa,18026.19,202.45,1697.3,19925.94,31691.02,15.11,2010,Febrero,28/02/2010
813,CMAC Huancayo,47956.27,152.38,5313.73,53422.38,130941.32,23.29,2010,Febrero,28/02/2010
913,CMAC Ica,32705.78,126.67,3217.54,36049.99,69406.31,18.29,2010,Febrero,28/02/2010
1013,CMAC Maynas,20278.29,66.38,2005.26,22349.93,37460.16,15.92,2010,Febrero,28/02/2010
1113,CMAC Paita,23139.96,1.88,2023.17,25165.01,34871.3,13.16,2010,Febrero,28/02/2010
1213,CMAC Pisco,3183.8,23.27,397.42,3604.49,5040.46,13.28,2010,Febrero,28/02/2010
1312,CMAC Piura,101269.57,442.33,9580.54,111292.44,195751.83,16.71,2010,Febrero,28/02/2010
1413,CMAC Sullana,74748.56,20.81,6590.29,81359.66,144790.22,16.91,2010,Febrero,28/02/2010
1513,CMAC Tacna,35689.95,136.49,2899.78,38726.22,64620.72,15.85,2010,Febrero,28/02/2010
1611,CMAC Trujillo,108115.04,40.33,10073.85,118229.22,195313.19,15.69,2010,Febrero,28/02/2010
1812,TOTAL CAJAS MUNICIPALES DE AHORRO Y CRÃ‰DITO,638836.55,9271.51,60861.13,708969.19,1303212.2,17.467,2010,Febrero,28/02/2010
1911,CMCP Lima,35231.6,1133.59,3679.07,40044.26,84460.84,20.04,2010,Febrero,28/02/2010
2111,TOTAL CAJAS MUNICIPALES,674068.15,10405.1,64540.2,749013.45,1387673.04,17.6003,2010,Febrero,28/02/2010
521,CMAC Arequipa,116471.67,9589.93,11763.56,137825.16,242515.38,16.72,2010,Marzo,31/03/2010
621,CMAC Cusco,62660.78,267.76,5601.75,68530.29,156345.84,21.67,2010,Marzo,31/03/2010
721,CMAC Del Santa,18358.21,217.23,1734.66,20310.1,32140.48,15.03,2010,Marzo,31/03/2010
821,CMAC Huancayo,49201.97,90.57,5412.9,54705.44,132309.75,22.98,2010,Marzo,31/03/2010
921,CMAC Ica,32990.68,147.56,3278.13,36416.37,75423.24,19.68,2010,Marzo,31/03/2010
1021,CMAC Maynas,20219.9,98.72,2028.7,22347.32,37442.68,15.92,2010,Marzo,31/03/2010
1121,CMAC Paita,23436.68,49.4,2051.17,25537.25,35428.77,13.18,2010,Marzo,31/03/2010
1221,CMAC Pisco,3218.71,0.18,399.22,3618.11,5042.06,13.24,2010,Marzo,31/03/2010
1321,CMAC Piura,101283.85,1034.66,9750.28,112068.79,195662.67,16.59,2010,Marzo,31/03/2010
1421,CMAC Sullana,77229.93,38.67,6733.32,84001.92,148167.73,16.76,2010,Marzo,31/03/2010
1521,CMAC Tacna,36174.54,147.23,2961.73,39283.5,64794.53,15.67,2010,Marzo,31/03/2010
1621,CMAC Trujillo,107265.78,15.6,10132.08,117413.46,195063.97,15.78,2010,Marzo,31/03/2010
1821,TOTAL CAJAS MUNICIPALES DE AHORRO Y CRÃ‰DITO,648512.7,11697.51,61847.5,722057.71,1320337.1,17.3759,2010,Marzo,31/03/2010
1921,CMCP Lima,37425.65,1248.83,3734.29,42408.77,85750,19.21,2010,Marzo,31/03/2010
2121,TOTAL CAJAS MUNICIPALES,685938.35,12946.34,65581.79,764466.48,1406087.1,17.4734,2010,Marzo,31/03/2010
1,CMAC Arequipa,119416.03,9810.1,11950.92,141177.05,245404.39,16.51,2010,Abril,30/04/2010
2,CMAC Cusco,62703.97,280.72,5691.82,68676.51,158328.26,21.9,2010,Abril,30/04/2010
3,CMAC Del Santa,18463.49,226.47,1752.22,20442.18,32341.83,15.03,2010,Abril,30/04/2010
4,CMAC Huancayo,49841.65,101.09,5508.51,55451.25,133622.72,22.9,2010,Abril,30/04/2010
531,CMAC Ica,33263.28,170.52,3331.61,36765.41,75878.14,19.61,2010,Abril,30/04/2010
631,CMAC Maynas,20876.85,127.54,2053.38,23057.77,36996.37,15.24,2010,Abril,30/04/2010
731,CMAC Paita,23166.13,285.28,2079.18,25530.59,35577.3,13.24,2010,Abril,30/04/2010
831,CMAC Pisco,3339.44,2.6,401.55,3743.59,5054.74,12.83,2010,Abril,30/04/2010
931,CMAC Piura,101477.78,8063.55,9832.93,119374.26,195591.64,15.57,2010,Abril,30/04/2010
1031,CMAC Sullana,78762.68,25.99,6858.5,85647.17,148273.05,16.45,2010,Abril,30/04/2010
1131,CMAC Tacna,37533.8,107.87,3024.65,40666.32,65356.99,15.27,2010,Abril,30/04/2010
1231,CMAC Trujillo,107885.99,26.68,10249.1,118161.77,195971.25,15.76,2010,Abril,30/04/2010
1431,TOTAL CAJAS MUNICIPALES DE AHORRO Y CRÃ‰DITO,656731.09,19228.41,62734.37,738693.87,1328396.68,17.0886,2010,Abril,30/04/2010
1531,CMCP Lima,38259.29,1078.74,3787.31,43125.34,87649.15,19.31,2010,Abril,30/04/2010
17,TOTAL CAJAS MUNICIPALES,694990.38,20307.15,66521.68,781819.21,1416045.83,17.2066,2010,Abril,30/04/2010
541,CMAC Arequipa,122561.45,9541.96,12109.26,144212.67,249545.46,16.44,2010,Mayo,31/05/2010
641,CMAC Cusco,62626.49,254.57,5777.36,68658.42,160408.31,22.2,2010,Mayo,31/05/2010
741,CMAC Del Santa,18771.21,233.98,1753.32,20758.51,32170.81,14.72,2010,Mayo,31/05/2010
841,CMAC Huancayo,50887.41,110.54,5606.24,56604.19,135300.76,22.71,2010,Mayo,31/05/2010
941,CMAC Ica,33970.78,79.46,3386.53,37436.77,76849.88,19.5,2010,Mayo,31/05/2010
1041,CMAC Maynas,21390.55,148.14,2075.97,23614.66,42272.7,17.01,2010,Mayo,31/05/2010
1141,CMAC Paita,23585.47,189.84,2101.4,25876.71,35858.36,13.16,2010,Mayo,31/05/2010
1241,CMAC Pisco,3426.9,42.3,404.14,3873.34,5275.49,12.94,2010,Mayo,31/05/2010
1331,CMAC Piura,103488.64,11318.8,10007.84,124815.28,196024.6,14.92,2010,Mayo,31/05/2010
1441,CMAC Sullana,80218.33,49.96,6998.13,87266.42,148365.47,16.15,2010,Mayo,31/05/2010
1541,CMAC Tacna,38218.97,111.74,3076.99,41407.7,65855.61,15.11,2010,Mayo,31/05/2010
1631,CMAC Trujillo,108349.41,122.86,10349.68,118821.95,196403.18,15.7,2010,Mayo,31/05/2010
1831,TOTAL CAJAS MUNICIPALES DE AHORRO Y CRÃ‰DITO,667495.61,22204.15,63646.86,753346.62,1344330.63,16.9569,2010,Mayo,31/05/2010
1931,CMCP Lima,41495.46,1226.62,3849.49,46571.57,89044.86,18.16,2010,Mayo,31/05/2010
2131,TOTAL CAJAS MUNICIPALES,708991.07,23430.77,67496.35,799918.19,1433375.49,17.0231,2010,Mayo,31/05/2010
551,CMAC Arequipa,124345.97,9350.65,12284.91,145981.53,251579.16,16.37,2010,Junio,30/06/2010
651,CMAC Cusco,63388.27,189.49,5861.26,69439.02,161639.37,22.11,2010,Junio,30/06/2010
751,CMAC Del Santa,18657.74,249.46,1741.59,20648.79,30272.5,13.93,2010,Junio,30/06/2010
851,CMAC Huancayo,52335.87,257.7,5708.96,58302.53,136861.77,22.31,2010,Junio,30/06/2010
951,CMAC Ica,34296.16,110.34,3434.8,37841.3,77136.55,19.37,2010,Junio,30/06/2010
1051,CMAC Maynas,21996.91,152.64,2100.14,24249.69,42273.49,16.56,2010,Junio,30/06/2010
1151,CMAC Paita,24246.07,160.38,2125.18,26531.63,36109.75,12.93,2010,Junio,30/06/2010
1251,CMAC Pisco,3432.04,52.39,408.87,3893.3,5344.14,13.04,2010,Junio,30/06/2010
1341,CMAC Piura,103936.21,13497.63,10130.92,127564.76,196129.2,14.61,2010,Junio,30/06/2010
1451,CMAC Sullana,80461.57,32.96,7137.01,87631.54,151075.96,16.38,2010,Junio,30/06/2010
1551,CMAC Tacna,38795.03,120.81,3134.36,42050.2,66269.89,14.97,2010,Junio,30/06/2010
1641,CMAC Trujillo,106191.69,165.72,10480.65,116838.06,196479.67,15.98,2010,Junio,30/06/2010
1841,TOTAL CAJAS MUNICIPALES DE AHORRO Y CRÃ‰DITO,672083.53,24340.17,64548.65,760972.35,1351171.45,16.873,2010,Junio,30/06/2010
1941,CMCP Lima,44765.38,1040.36,3920.91,49726.65,102305.23,19.54,2010,Junio,30/06/2010
2141,TOTAL CAJAS MUNICIPALES,716848.91,25380.53,68469.56,810699,1453476.68,17.0323,2010,Junio,30/06/2010
56,CMAC Arequipa,130604.42,9773.04,12512.52,152889.98,253519.09,16.25,2010,Julio,31/07/2010
66,CMAC Cusco,73175.12,245.36,5967.97,79388.45,164359.88,20.29,2010,Julio,31/07/2010
76,CMAC Del Santa,20314.18,282.09,1761.32,22357.59,30181.65,13.23,2010,Julio,31/07/2010
86,CMAC Huancayo,60778.06,303.53,5821.51,66903.1,140463.76,20.58,2010,Julio,31/07/2010
96,CMAC Ica,33090.86,93.25,3511.16,36695.27,78463.49,20.95,2010,Julio,31/07/2010
106,CMAC Maynas,23826.55,254.2,2136.9,26217.65,42406.5,15.85,2010,Julio,31/07/2010
116,CMAC Paita,24018.33,141.68,2151.22,26311.23,36393.79,13.56,2010,Julio,31/07/2010
126,CMAC Pisco,3847.2344,52.09,413.55,4312.8744,5507.87,12.5153,2010,Julio,31/07/2010
1351,CMAC Piura,106137.86,14416.65,10285.68,130840.19,197378.57,14.78,2010,Julio,31/07/2010
146,CMAC Sullana,86814.75,20.74,7272.58,94108.07,153072.93,15.94,2010,Julio,31/07/2010
156,CMAC Tacna,34287.89,182.87,3193.28,37664.04,74823.29,19.47,2010,Julio,31/07/2010
1651,CMAC Trujillo,115928.47,67.52,10619.39,126615.38,198051.65,15.33,2010,Julio,31/07/2010
1851,TOTAL CAJAS MUNICIPALES DE AHORRO Y CRÃ‰DITO,712823.7244,25833.02,65647.08,804303.8244,1374622.47,16.749,2010,Julio,31/07/2010
1951,CMCP Lima,52884.18,1045.38,3982.56,57912.12,103569.27,17.53,2010,Julio,31/07/2010
2151,TOTAL CAJAS MUNICIPALES,765707.9044,26878.4,69629.64,862215.9444,1478191.74,16.8012,2010,Julio,31/07/2010
41,CMAC Arequipa,132736.07,9984.28,12710.18,155430.53,256049.73,16.14,2010,Agosto,31/08/2010
57,CMAC Cusco,76618.66,313.28,6056.75,82988.69,166684.76,19.68,2010,Agosto,31/08/2010
67,CMAC Del Santa,20540.16,291.47,1772.38,22604.01,29916.08,12.97,2010,Agosto,31/08/2010
77,CMAC Huancayo,59265.48,378.36,5918.41,65562.25,142076.92,21.24,2010,Agosto,31/08/2010
87,CMAC Ica,34042.13,41.82,3583.59,37667.54,79416.44,20.66,2010,Agosto,31/08/2010
97,CMAC Maynas,24711.25,411.72,2162.3,27285.27,42435.73,15.24,2010,Agosto,31/08/2010
107,CMAC Paita,24792.19,252.85,2177.64,27222.68,36366.2,13.09,2010,Agosto,31/08/2010
117,CMAC Pisco,3937.43,13.84,417.99,4369.26,5512.46,12.36,2010,Agosto,31/08/2010
127,CMAC Piura,107274.33,14560.89,10502.32,132337.54,197711.01,14.64,2010,Agosto,31/08/2010
136,CMAC Sullana,89664.3,133.3,7401.5,97199.1,154954.56,15.62,2010,Agosto,31/08/2010
147,CMAC Tacna,36089.13,216.81,3249.52,39555.46,75515.15,18.71,2010,Agosto,31/08/2010
157,CMAC Trujillo,118791.78,146.75,10721,129659.53,199299.03,15.06,2010,Agosto,31/08/2010
171,TOTAL CAJAS MUNICIPALES DE AHORRO Y CRÃ‰DITO,728462.91,26745.37,66673.58,821881.86,1385938.07,16.5257,2010,Agosto,31/08/2010
186,CMCP Lima,55782.5,757.97,4052.56,60593.03,105221.84,17.02,2010,Agosto,31/08/2010
20,TOTAL CAJAS MUNICIPALES,784245.41,27503.34,70726.14,882474.89,1491159.91,16.5595,2010,Agosto,31/08/2010
42,CMAC Arequipa,132870.16,9928.12,12924.78,155723.06,258656.57,16.28,2010,Septiembre,30/09/2010
58,CMAC Cusco,78047.58,409.3,6167.54,84624.42,169422.02,19.62,2010,Septiembre,30/09/2010
68,CMAC Del Santa,20049.64,286.57,1790.21,22126.42,28933.21,12.81,2010,Septiembre,30/09/2010
78,CMAC Huancayo,61105.09,383.8,6026.41,67515.3,144038.84,20.91,2010,Septiembre,30/09/2010
88,CMAC Ica,34524.13,429.22,3668.14,38621.49,79614.11,20.2,2010,Septiembre,30/09/2010
98,CMAC Maynas,25497.23,493.5,2187.83,28178.56,42514.47,14.79,2010,Septiembre,30/09/2010
108,CMAC Paita,25016.64,222.46,2195.52,27434.62,36369.23,12.99,2010,Septiembre,30/09/2010
118,CMAC Pisco,3942.19,11.91,429.59,4383.69,7608.92,17.01,2010,Septiembre,30/09/2010
128,CMAC Piura,108718.64,14444.78,10681.92,133845.34,198916.95,14.56,2010,Septiembre,30/09/2010
137,CMAC Sullana,91251.05,40.78,7525.32,98817.15,155175.87,15.39,2010,Septiembre,30/09/2010
148,CMAC Tacna,36713,302.87,3318.55,40334.42,76206.94,18.52,2010,Septiembre,30/09/2010
158,CMAC Trujillo,120483.68,171.67,10844.27,131499.62,200410.8,14.94,2010,Septiembre,30/09/2010
172,TOTAL CAJAS MUNICIPALES DE AHORRO Y CRÃ‰DITO,738219.03,27124.98,67760.08,833104.09,1397867.93,16.4435,2010,Septiembre,30/09/2010
187,CMCP Lima,58993.82,696.74,4115.09,63805.65,105333.28,16.18,2010,Septiembre,30/09/2010
201,TOTAL CAJAS MUNICIPALES,797212.85,27821.72,71875.17,896909.74,1503201.21,16.4246,2010,Septiembre,30/09/2010
43,CMAC Arequipa,136732.81,10648.22,13145.23,160526.26,261759.22,15.98,2010,Octubre,31/10/2010
59,CMAC Cusco,80110.65,353.57,6282.75,86746.97,173008.17,19.55,2010,Octubre,31/10/2010
69,CMAC Del Santa,19744.68,253.2,1814.55,21812.43,29100.46,13.07,2010,Octubre,31/10/2010
79,CMAC Huancayo,61355.46,377.73,6121.02,67854.21,146392.84,21.14,2010,Octubre,31/10/2010
89,CMAC Ica,35672.35,606.66,3747.91,40026.92,80776.93,19.78,2010,Octubre,31/10/2010
99,CMAC Maynas,26142.96,563.64,2212.58,28919.18,43093.24,14.6,2010,Octubre,31/10/2010
109,CMAC Paita,25071.24,248.26,2218.39,27537.89,41913.53,14.92,2010,Octubre,31/10/2010
119,CMAC Pisco,3948.05,23.74,439.69,4411.48,7609.1,16.9,2010,Octubre,31/10/2010
129,CMAC Piura,111334.1,13426.62,10867.17,135627.89,200483.07,14.49,2010,Octubre,31/10/2010
138,CMAC Sullana,93168.54,76.55,7655.81,100900.9,157043.77,15.25,2010,Octubre,31/10/2010
149,CMAC Tacna,36977.71,342.39,3388,40708.1,77340.59,18.62,2010,Octubre,31/10/2010
159,CMAC Trujillo,118667.23,129.69,10959.14,129756.06,201011.06,15.18,2010,Octubre,31/10/2010
173,TOTAL CAJAS MUNICIPALES DE AHORRO Y CRÃ‰DITO,748925.78,27050.27,68852.24,844828.29,1419531.98,16.4666,2010,Octubre,31/10/2010
188,CMCP Lima,62683.8,695.89,4185.02,67564.71,106981.62,15.52,2010,Octubre,31/10/2010
202,TOTAL CAJAS MUNICIPALES,811609.58,27746.16,73037.26,912393,1526513.6,16.3963,2010,Octubre,31/10/2010
44,CMAC Arequipa,141167.11,11560.11,13357.54,166084.76,262138.86,15.47,2010,Noviembre,30/11/2010
510,CMAC Cusco,79537.85,198.78,6381.27,86117.9,175907.68,20.02,2010,Noviembre,30/11/2010
610,CMAC Del Santa,19425.7,261.89,1823.53,21511.12,29160.57,13.28,2010,Noviembre,30/11/2010
710,CMAC Huancayo,62555.22,399.5,6212.51,69167.23,148589.75,21.05,2010,Noviembre,30/11/2010
810,CMAC Ica,37710.78,374.67,3810.28,41895.73,79885.27,18.69,2010,Noviembre,30/11/2010
910,CMAC Maynas,26547.1,584.53,2241.67,29373.3,43712.72,14.58,2010,Noviembre,30/11/2010
1010,CMAC Paita,25581.03,225.84,2241.08,28047.95,41620.31,14.54,2010,Noviembre,30/11/2010
1110,CMAC Pisco,4169.04,26.91,442.85,4638.8,7656.93,16.18,2010,Noviembre,30/11/2010
1210,CMAC Piura,116811.75,13722.55,11052.59,141586.89,202497.2,14.02,2010,Noviembre,30/11/2010
139,CMAC Sullana,94731.83,3.51,7788.73,102524.07,159508.68,15.25,2010,Noviembre,30/11/2010
1410,CMAC Tacna,37900.73,295.23,3443.21,41639.17,77997.34,18.36,2010,Noviembre,30/11/2010
1510,CMAC Trujillo,121318.27,44.61,11063.1,132425.98,228814.45,16.93,2010,Noviembre,30/11/2010
174,TOTAL CAJAS MUNICIPALES DE AHORRO Y CRÃ‰DITO,767456.41,27698.13,69858.36,865012.9,1457489.76,16.5124,2010,Noviembre,30/11/2010
189,CMCP Lima,67525.33,1661.48,4250.02,73436.83,107924.65,14.4,2010,Noviembre,30/11/2010
203,TOTAL CAJAS MUNICIPALES,834981.74,29359.61,74108.38,938449.73,1565414.41,16.3472,2010,Noviembre,30/11/2010
45,CMAC Arequipa,143357.05,9614.46,13589.01,166560.52,265035.36,15.59,2010,Diciembre,31/12/2010
511,CMAC Cusco,77939.72,87.91,6482.99,84510.62,180263.48,20.9,2010,Diciembre,31/12/2010
611,CMAC Del Santa,19421.77,224.41,1811.82,21458,28778.06,13.14,2010,Diciembre,31/12/2010
711,CMAC Huancayo,66588.12,482.65,6311.61,73382.38,153463.04,20.49,2010,Diciembre,31/12/2010
811,CMAC Ica,38438.02,82.9,3868.22,42389.14,80135.26,18.53,2010,Diciembre,31/12/2010
911,CMAC Maynas,26869.4,477.1,2266.23,29612.73,43672.7,14.45,2010,Diciembre,31/12/2010
1011,CMAC Paita,25311.86,216.03,2267.11,27795,41657.91,14.69,2010,Diciembre,31/12/2010
1111,CMAC Pisco,4076.35,45.77,450.73,4572.85,7650.33,16.4,2010,Diciembre,31/12/2010
1211,CMAC Piura,119130.34,1916.87,11258.58,132305.79,204181.81,15.12,2010,Diciembre,31/12/2010
1310,CMAC Sullana,97347.7,135.63,7918.85,105402.18,158944.22,14.78,2010,Diciembre,31/12/2010
1411,CMAC Tacna,39022.26,43.63,3487.95,42553.84,80597.6,18.56,2010,Diciembre,31/12/2010
1511,CMAC Trujillo,119568.64,61.68,11184.22,130814.54,229028.24,17.16,2010,Diciembre,31/12/2010
175,TOTAL CAJAS MUNICIPALES DE AHORRO Y CRÃ‰DITO,777071.23,13389.04,70897.32,861357.59,1473408.01,16.7635,2010,Diciembre,31/12/2010
1810,CMCP Lima,63022.36,1765.92,4315.39,69103.67,103194.29,14.63,2010,Diciembre,31/12/2010
204,TOTAL CAJAS MUNICIPALES,840093.59,15154.96,75212.71,930461.26,1576602.3,16.6054,2010,Diciembre,31/12/2010
412,CMAC Arequipa,145106.49,6842.71,13814.81,165764.01,267474.73,15.81,2011,Enero,31/01/2011
514,CMAC Cusco,74237.34,36.35,6599.02,80872.71,182246.76,22.08,2011,Enero,31/01/2011
614,CMAC Del Santa,19122.74,210.92,1823.82,21157.48,28653.4,13.27,2011,Enero,31/01/2011
714,CMAC Huancayo,66482.06,457.07,6417.74,73356.87,154866.42,20.69,2011,Enero,31/01/2011
814,CMAC Ica,38520.18,110.43,3925.22,42555.83,80654.82,18.57,2011,Enero,31/01/2011
914,CMAC Maynas,26680.65,475.24,2298.52,29454.41,43745.67,14.55,2011,Enero,31/01/2011
1014,CMAC Paita,25658.17,206.3,2289.66,28154.13,41753.18,14.53,2011,Enero,31/01/2011
1114,CMAC Pisco,4087.36,59.63,456.36,4603.35,7629.68,16.24,2011,Enero,31/01/2011
1214,CMAC Piura,117795.19,6363.42,11467.14,135625.75,203638.41,14.71,2011,Enero,31/01/2011
1313,CMAC Sullana,94920.46,52.39,8044.84,103017.69,159953.07,15.22,2011,Enero,31/01/2011
1414,CMAC Tacna,39449.55,124.63,3541.38,43115.56,80727.56,18.35,2011,Enero,31/01/2011
1514,CMAC Trujillo,115981.09,84.13,11277.31,127342.53,228598.69,17.59,2011,Enero,31/01/2011
1712,TOTAL CAJAS MUNICIPALES DE AHORRO Y CRÃ‰DITO,768041.28,15023.22,71955.82,855020.32,1479942.39,16.9627,2011,Enero,31/01/2011
1813,CMCP Lima,63212.72,1370.12,4333.87,68916.71,99421.41,14.14,2011,Enero,31/01/2011
2012,TOTAL CAJAS MUNICIPALES,831254,16393.34,76289.69,923937.03,1579363.8,16.752,2011,Enero,31/01/2011
413,CMAC Arequipa,148101.96,9428.77,14006.57,171537.3,270782.39,15.47,2011,Febrero,28/02/2011
515,CMAC Cusco,74829.23,53.79,6702.25,81585.27,183613.37,22.06,2011,Febrero,28/02/2011
615,CMAC Del Santa,19164.49,195.87,1834.86,21195.22,28697.38,13.27,2011,Febrero,28/02/2011
715,CMAC Huancayo,65571.22,487.14,6514.74,72573.1,154423.22,20.85,2011,Febrero,28/02/2011
815,CMAC Ica,38865.44,96.32,3981.47,42943.23,81532.69,18.61,2011,Febrero,28/02/2011
915,CMAC Maynas,27036.53,530.9,2317.63,29885.06,43796.05,14.36,2011,Febrero,28/02/2011
1015,CMAC Paita,25932.64,167.48,2318.36,28418.48,41991.75,14.48,2011,Febrero,28/02/2011
1115,CMAC Pisco,4135.77,69.88,458.8,4664.45,7545.44,15.85,2011,Febrero,28/02/2011
1215,CMAC Piura,121631.54,7131.87,11627.2,140390.61,204471.07,14.27,2011,Febrero,28/02/2011
1314,CMAC Sullana,96077.19,137.81,8148.43,104363.43,161811.69,15.19,2011,Febrero,28/02/2011
1415,CMAC Tacna,38676.78,435.35,3594.98,42707.11,80724.62,18.52,2011,Febrero,28/02/2011
1515,CMAC Trujillo,115003.46,129.58,11360.62,126493.66,229754.81,17.8,2011,Febrero,28/02/2011
1713,TOTAL CAJAS MUNICIPALES DE AHORRO Y CRÃ‰DITO,775026.25,18864.76,72865.91,866756.92,1489144.48,16.837,2011,Febrero,28/02/2011
1814,CMCP Lima,62357.88,185,4303.76,66846.64,102573.06,15.04,2011,Febrero,28/02/2011
2013,TOTAL CAJAS MUNICIPALES,837384.13,19049.76,77169.67,933603.56,1591717.54,16.7082,2011,Febrero,28/02/2011
421,CMAC Arequipa,152074.57,9202.88,14236.09,175513.54,275135.36,15.36,2011,Marzo,31/03/2011
522,CMAC Cusco,76397.84,269.01,6849.75,83516.6,177385.92,20.81,2011,Marzo,31/03/2011
622,CMAC Del Santa,17886.12,99.19,1849.58,19834.89,29062.59,14.36,2011,Marzo,31/03/2011
722,CMAC Huancayo,67319.44,479.31,6622.33,74421.08,156097.46,20.56,2011,Marzo,31/03/2011
822,CMAC Ica,39409.74,77.33,4052.1,43539.17,82808.37,18.64,2011,Marzo,31/03/2011
922,CMAC Maynas,27457.07,569.2,2345.72,30371.99,43842.68,14.15,2011,Marzo,31/03/2011
1022,CMAC Paita,26405.12,75.22,2338.65,28818.99,42491.24,14.45,2011,Marzo,31/03/2011
1122,CMAC Pisco,4223.76,74.74,460.69,4759.19,7440.63,15.32,2011,Marzo,31/03/2011
1222,CMAC Piura,124812.32,6061.7,11828.43,142702.45,205022.31,14.08,2011,Marzo,31/03/2011
1322,CMAC Sullana,97423.84,53.12,8306.45,105783.41,164505.49,15.24,2011,Marzo,31/03/2011
1422,CMAC Tacna,39344.16,519.4,3652.13,43515.69,81212.27,18.29,2011,Marzo,31/03/2011
1522,CMAC Trujillo,115309.38,90.58,11482.58,126882.54,231584.35,17.89,2011,Marzo,31/03/2011
1721,TOTAL CAJAS MUNICIPALES DE AHORRO Y CRÃ‰DITO,788063.36,17571.68,74024.5,879659.54,1496588.67,16.673,2011,Marzo,31/03/2011
1822,CMCP Lima,62722.56,30.31,4315.26,67068.13,102599.62,14.99,2011,Marzo,31/03/2011
2021,TOTAL CAJAS MUNICIPALES,850785.92,17601.99,78339.76,946727.67,1599188.29,16.5539,2011,Marzo,31/03/2011
431,CMAC Arequipa,155057.92,6551.29,14440.26,176049.47,278155,15.48,2011,Abril,30/04/2011
532,CMAC Cusco,78823.56,152.31,6903.42,85879.29,180747.13,20.63,2011,Abril,30/04/2011
632,CMAC Del Santa,17978.33,76.32,1852.58,19907.23,29120.94,14.34,2011,Abril,30/04/2011
732,CMAC Huancayo,68928.09,471.27,6731.33,76130.69,158035.12,20.34,2011,Abril,30/04/2011
832,CMAC Ica,40035.72,39.71,4111.16,44186.59,83716.88,18.57,2011,Abril,30/04/2011
932,CMAC Maynas,27897.19,544.64,2364.68,30806.51,49035.9,15.6,2011,Abril,30/04/2011
1032,CMAC Paita,25485.21,82.63,2363.56,27931.4,42288,14.84,2011,Abril,30/04/2011
1132,CMAC Pisco,4257.22,89.49,466.58,4813.29,7278.49,14.82,2011,Abril,30/04/2011
1232,CMAC Piura,126777.77,66.59,11986.15,138830.51,205015.02,14.47,2011,Abril,30/04/2011
1332,CMAC Sullana,98251.92,0.68,8439.2,106691.8,165698.4,15.22,2011,Abril,30/04/2011
1432,CMAC Tacna,40059.72,397.44,3699.53,44156.69,81665.18,18.12,2011,Abril,30/04/2011
1532,CMAC Trujillo,114423.61,242.53,11568.93,126235.07,231872.73,18,2011,Abril,30/04/2011
1731,TOTAL CAJAS MUNICIPALES DE AHORRO Y CRÃ‰DITO,797976.26,8714.9,74927.38,881618.54,1512628.79,16.8143,2011,Abril,30/04/2011
1832,CMCP Lima,62582.74,2.54,4331.02,66916.3,101003.42,14.79,2011,Abril,30/04/2011
2031,TOTAL CAJAS MUNICIPALES,860559,8717.44,79258.4,948534.84,1613632.21,16.6716,2011,Abril,30/04/2011
441,CMAC Arequipa,156987.14,6293.66,14703.05,177983.85,282179.31,15.54,2011,Mayo,31/05/2011
542,CMAC Cusco,80643.6,107.61,7003.63,87754.84,182864.97,20.42,2011,Mayo,31/05/2011
642,CMAC Del Santa,17857,47.41,1856.06,19760.47,29267.22,14.51,2011,Mayo,31/05/2011
742,CMAC Huancayo,72577.02,555.25,6845.78,79978.05,160363.02,19.65,2011,Mayo,31/05/2011
842,CMAC Ica,39974.35,149.08,4182.34,44305.77,84535.59,18.7,2011,Mayo,31/05/2011
942,CMAC Maynas,28236.84,483.76,2396.03,31116.63,48998.58,15.43,2011,Mayo,31/05/2011
1042,CMAC Paita,24963.43,123.07,2377.36,27463.86,42156.34,15.04,2011,Mayo,31/05/2011
1142,CMAC Pisco,4356.31,82.32,473,4911.63,7192.17,14.35,2011,Mayo,31/05/2011
1242,CMAC Piura,128514.61,169.28,12167.74,140851.63,205580,14.3,2011,Mayo,31/05/2011
1342,CMAC Sullana,99321.29,37.43,8606.18,107964.9,174601.9,15.85,2011,Mayo,31/05/2011
1442,CMAC Tacna,40360.24,230.71,3751.7,44342.65,82327.84,18.19,2011,Mayo,31/05/2011
1542,CMAC Trujillo,114660.98,136.11,11649.9,126446.99,233137.48,18.07,2011,Mayo,31/05/2011
1741,TOTAL CAJAS MUNICIPALES DE AHORRO Y CRÃ‰DITO,808452.81,8415.69,76012.77,892881.27,1533204.42,16.828,2011,Mayo,31/05/2011
1842,CMCP Lima,62335.01,54.91,4363.32,66753.24,102184.81,15,2011,Mayo,31/05/2011
2041,TOTAL CAJAS MUNICIPALES,870787.82,8470.6,80376.09,959634.51,1635389.23,16.701,2011,Mayo,31/05/2011
451,CMAC Arequipa,160969.42,6065.37,14929.46,181964.25,288208.51,15.52,2011,Junio,30/06/2011
552,CMAC Cusco,82573.82,123.71,7054.93,89752.46,184680.35,20.17,2011,Junio,30/06/2011
652,CMAC Del Santa,18067.79,53.5,1857.8,19979.09,29505.57,14.47,2011,Junio,30/06/2011
752,CMAC Huancayo,73373.21,621.79,6956.57,80951.57,162356.36,19.65,2011,Junio,30/06/2011
852,CMAC Ica,40670.34,131.06,4236.95,45038.35,85008.88,18.5,2011,Junio,30/06/2011
952,CMAC Maynas,27506.92,411.14,2418.74,30336.8,48829.2,15.77,2011,Junio,30/06/2011
1052,CMAC Paita,23988.16,367.46,2391.38,26747,39943.44,14.64,2011,Junio,30/06/2011
1152,CMAC Pisco,4286.52,78.25,478.74,4843.51,7147.31,14.46,2011,Junio,30/06/2011
1252,CMAC Piura,129728.9,88.51,12336.15,142153.56,224673.49,15.49,2011,Junio,30/06/2011
1352,CMAC Sullana,97944.09,14.98,8760.03,106719.1,178544.67,16.4,2011,Junio,30/06/2011
1452,CMAC Tacna,41559.66,130.2,3790.63,45480.49,82891.84,17.86,2011,Junio,30/06/2011
1552,CMAC Trujillo,112848.69,75.1,11746.28,124670.07,234313.24,18.42,2011,Junio,30/06/2011
1751,TOTAL CAJAS MUNICIPALES DE AHORRO Y CRÃ‰DITO,813517.52,8161.07,76957.66,898636.25,1566102.86,17.079,2011,Junio,30/06/2011
1852,CMCP Lima,61065.84,73.1,4389.69,65528.63,102421.73,15.32,2011,Junio,30/06/2011
205,TOTAL CAJAS MUNICIPALES,874583.36,8234.17,81347.35,964164.88,1668524.59,16.9593,2011,Junio,30/06/2011
46,CMAC Arequipa,169935.55,12627.61,19010.78,201573.94,292980.93,14.53,2011,Julio,31/07/2011
561,CMAC Cusco,86996.61,197.09,8991.69,96185.39,189237.63,19.67,2011,Julio,31/07/2011
661,CMAC Del Santa,19098.81,52.53,2328.95,21480.29,29705.67,13.83,2011,Julio,31/07/2011
761,CMAC Huancayo,77873.01,603.21,8827.17,87303.39,164813.82,18.88,2011,Julio,31/07/2011
861,CMAC Ica,42459.18,146.75,5390.62,47996.55,85775.61,17.87,2011,Julio,31/07/2011
961,CMAC Maynas,29307.48,64.97,3062.24,32434.69,48965.99,15.1,2011,Julio,31/07/2011
1061,CMAC Paita,24306.18,317.61,2997.27,27621.06,38211.07,13.83,2011,Julio,31/07/2011
1161,CMAC Pisco,4520.6,88.06,606.02,5214.68,7142.8,13.7,2011,Julio,31/07/2011
1261,CMAC Piura,135719.1,139.81,15633.99,151492.9,228098.7,15.06,2011,Julio,31/07/2011
1361,CMAC Sullana,101481.45,118.08,11155.51,112755.04,181612.59,16.11,2011,Julio,31/07/2011
1461,CMAC Tacna,44114.16,77.5,4811.76,49003.42,83531.95,17.05,2011,Julio,31/07/2011
1561,CMAC Trujillo,117858.56,81.75,14830.4,132770.71,236670.57,17.83,2011,Julio,31/07/2011
176,TOTAL CAJAS MUNICIPALES DE AHORRO Y CRÃ‰DITO,853670.69,14514.97,97646.4,965832.06,1586747.33,16.1002,2011,Julio,31/07/2011
1861,CMCP Lima,65103.66,56.26,5514.84,70674.76,104053.83,14.72,2011,Julio,31/07/2011
206,TOTAL CAJAS MUNICIPALES,918774.35,14571.23,103161.24,1036506.82,1690801.16,16.3125,2011,Julio,31/07/2011
47,CMAC Arequipa,172652.07,12265.17,19321.76,204239,296646.4,14.5245,2011,Agosto,31/08/2011
571,CMAC Cusco,87809.59,288.65,9062.28,97160.52,191267.76,19.6857,2011,Agosto,31/08/2011
671,CMAC Del Santa,18747.81,4.36,2333.2,21085.37,29694.7,14.0831,2011,Agosto,31/08/2011
771,CMAC Huancayo,79572.99,291.7,8966.73,88831.42,167113.31,18.8124,2011,Agosto,31/08/2011
871,CMAC Ica,42332.62,109.78,5465.7,47908.1,86443.11,18.0435,2011,Agosto,31/08/2011
971,CMAC Maynas,29360.19,74.49,3099.26,32533.94,48954.98,15.0474,2011,Agosto,31/08/2011
1071,CMAC Paita,24300.47,329.73,3013.45,27643.65,38520.17,13.9345,2011,Agosto,31/08/2011
1171,CMAC Pisco,4663.34,87.28,613.92,5364.54,7167.59,13.3611,2011,Agosto,31/08/2011
1271,CMAC Piura,137209.11,112.81,15838.54,153160.46,232100.8,15.1541,2011,Agosto,31/08/2011
1371,CMAC Sullana,100724.86,4.35,11358.54,112087.75,184656.13,16.4742,2011,Agosto,31/08/2011
1471,CMAC Tacna,44796.53,19.34,4868.06,49683.93,84338.18,16.9749,2011,Agosto,31/08/2011
1571,CMAC Trujillo,118362.55,99.85,14959.08,133421.48,238405.06,17.8686,2011,Agosto,31/08/2011
177,TOTAL CAJAS MUNICIPALES DE AHORRO Y CRÃ‰DITO,860532.13,13687.51,98900.52,973120.16,1605308.19,16.4965,2011,Agosto,31/08/2011
1871,CMCP Lima,60681.12,28,5512.99,66222.11,103583.89,15.6419,2011,Agosto,31/08/2011
207,TOTAL CAJAS MUNICIPALES,921213.25,13715.51,104413.51,1039342.27,1708892.08,16.4421,2011,Agosto,31/08/2011
48,CMAC Arequipa,179025.95,12034.18,19597.06,210657.19,300697.1,14.2742,2011,Septiembre,30/09/2011
581,CMAC Cusco,90051.88,491.13,9167.43,99710.44,193226.6,19.3788,2011,Septiembre,30/09/2011
681,CMAC Del Santa,19336.52,40.41,2342.04,21718.97,29824.8,13.7321,2011,Septiembre,30/09/2011
781,CMAC Huancayo,78848.08,266.9,9093.13,88208.11,169006.63,19.16,2011,Septiembre,30/09/2011
881,CMAC Ica,43089.59,2.4,5547.64,48639.63,85562.06,17.591,2011,Septiembre,30/09/2011
981,CMAC Maynas,30692.08,23.07,3132,33847.15,49141.71,14.5187,2011,Septiembre,30/09/2011
1081,CMAC Paita,24229.39,227.97,3032.01,27489.37,38749.19,14.0961,2011,Septiembre,30/09/2011
1181,CMAC Pisco,4766.43,85.66,621.68,5473.77,7214.92,13.1809,2011,Septiembre,30/09/2011
1281,CMAC Piura,139525.73,57.95,16022.74,155606.42,236052.56,15.1698,2011,Septiembre,30/09/2011
1381,CMAC Sullana,102469.21,61.18,11508.38,114038.77,182022.24,15.9614,2011,Septiembre,30/09/2011
1481,CMAC Tacna,46099.98,43.08,4919.09,51062.15,84861.92,16.6193,2011,Septiembre,30/09/2011
1581,CMAC Trujillo,120290.49,68.57,15070.96,135430.02,248851.78,18.3749,2011,Septiembre,30/09/2011
178,TOTAL CAJAS MUNICIPALES DE AHORRO Y CRÃ‰DITO,878425.33,13402.5,100054.16,991881.99,1625211.51,16.3851,2011,Septiembre,30/09/2011
1881,CMCP Lima,57850.39,104.13,5558.09,63512.61,123351.84,19.4216,2011,Septiembre,30/09/2011
208,TOTAL CAJAS MUNICIPALES,936275.72,13506.63,105612.25,1055394.6,1748563.35,16.5679,2011,Septiembre,30/09/2011
49,CMAC Arequipa,180743.6,10284.25,19929.13,210956.98,303232.4,14.3741,2011,Octubre,31/10/2011
591,CMAC Cusco,91894.88,614.6,9248.85,101758.33,195139.45,19.1768,2011,Octubre,31/10/2011
691,CMAC Del Santa,18971.84,13.06,2337.01,21321.91,29813.13,13.9824,2011,Octubre,31/10/2011
791,CMAC Huancayo,83433.73,194.16,9231.4,92859.29,171236.86,18.4405,2011,Octubre,31/10/2011
891,CMAC Ica,43778.56,1.08,5620.19,49399.83,86236.47,17.4568,2011,Octubre,31/10/2011
991,CMAC Maynas,30438.52,28.8,3156.9,33624.22,50446.66,15.0031,2011,Octubre,31/10/2011
1091,CMAC Paita,24343.01,376.64,3043.77,27763.42,37325.1,13.444,2011,Octubre,31/10/2011
1191,CMAC Pisco,4881.84,82.87,630.74,5595.45,7244.82,12.9477,2011,Octubre,31/10/2011
1291,CMAC Piura,142031.29,146.16,16218.03,158395.48,239393.22,15.1136,2011,Octubre,31/10/2011
1391,CMAC Sullana,105193.66,99.01,11671.03,116963.7,182362.8,15.5914,2011,Octubre,31/10/2011
1491,CMAC Tacna,47347.82,76.67,4979.99,52404.48,85692.41,16.3521,2011,Octubre,31/10/2011
1591,CMAC Trujillo,122227.09,76.32,15164.43,137467.84,250608.75,18.2304,2011,Octubre,31/10/2011
179,TOTAL CAJAS MUNICIPALES DE AHORRO Y CRÃ‰DITO,895285.84,11993.62,101231.47,1008510.93,1638732.07,16.249,2011,Octubre,31/10/2011
1891,CMCP Lima,58988.59,91.65,5591.76,64672,124095.07,19.1884,2011,Octubre,31/10/2011
209,TOTAL CAJAS MUNICIPALES,954274.43,12085.27,106823.23,1073182.93,1762827.14,16.4262,2011,Octubre,31/10/2011
410,CMAC Arequipa,186009.13,3959.9,20234.94,210203.97,303334.6,14.4305,2011,Noviembre,30/11/2011
5101,CMAC Cusco,93875.37,578.44,9350.16,103803.97,197177.58,18.9952,2011,Noviembre,30/11/2011
6101,CMAC Del Santa,19080.64,26.14,2333.51,21440.29,29985.39,13.9855,2011,Noviembre,30/11/2011
7101,CMAC Huancayo,86843.76,191.74,9363.74,96399.24,173392.49,17.9869,2011,Noviembre,30/11/2011
8101,CMAC Ica,44918.86,62.39,5702.25,50683.5,86905.25,17.1467,2011,Noviembre,30/11/2011
9101,CMAC Maynas,31407.85,51.71,3188.2,34647.76,50557.05,14.5917,2011,Noviembre,30/11/2011
10101,CMAC Paita,24630.32,24.78,3052.43,27707.53,36186.46,13.0602,2011,Noviembre,30/11/2011
11101,CMAC Pisco,4831.18,85.39,639.26,5555.83,7207.98,12.9737,2011,Noviembre,30/11/2011
12101,CMAC Piura,144875.07,17.86,16398.53,161291.46,244389.07,15.152,2011,Noviembre,30/11/2011
13101,CMAC Sullana,108247.83,6.4,11809.33,120063.56,182744.57,15.2207,2011,Noviembre,30/11/2011
14101,CMAC Tacna,47545.22,65.35,5039.47,52650.04,86407.11,16.4116,2011,Noviembre,30/11/2011
15101,CMAC Trujillo,123659.42,213.85,15257.38,139130.65,254105.91,18.2638,2011,Noviembre,30/11/2011
1710,TOTAL CAJAS MUNICIPALES DE AHORRO Y CRÃ‰DITO,915924.65,5283.95,102369.2,1023577.8,1652393.46,16.1433,2011,Noviembre,30/11/2011
18101,CMCP Lima,59384.58,41.38,5633.95,65059.91,124604.22,19.1522,2011,Noviembre,30/11/2011
2010,TOTAL CAJAS MUNICIPALES,975309.23,5325.33,108003.15,1088637.71,1776997.68,16.3231,2011,Noviembre,30/11/2011
411,CMAC Arequipa,187914.03,3296.64,20584.74,211795.41,305798.53,14.4384,2011,Diciembre,31/12/2011
5111,CMAC Cusco,95091.68,739.99,9453.91,105285.58,199792.08,18.9762,2011,Diciembre,31/12/2011
6111,CMAC Del Santa,18860.18,5.87,2324.9,21190.95,29848.63,14.0856,2011,Diciembre,31/12/2011
7111,CMAC Huancayo,88138.05,339.51,9503.27,97980.83,176947.59,18.0594,2011,Diciembre,31/12/2011
8111,CMAC Ica,46054.39,35.51,5777.92,51867.82,88119.49,16.9892,2011,Diciembre,31/12/2011
9111,CMAC Maynas,30812.66,10.88,3210.65,34034.19,50427.12,14.8166,2011,Diciembre,31/12/2011
10111,CMAC Paita,25140.03,79.78,3054.01,28273.82,39342.56,13.9148,2011,Diciembre,31/12/2011
11111,CMAC Pisco,4889.43,79.37,648.02,5616.82,7192.27,12.8049,2011,Diciembre,31/12/2011
12111,CMAC Piura,143943.58,86.81,16611.74,160642.13,249989.08,15.5619,2011,Diciembre,31/12/2011
13111,CMAC Sullana,110859.34,0.97,12007.8,122868.11,189833.51,15.4502,2011,Diciembre,31/12/2011
14111,CMAC Tacna,48101.36,26.17,5081.57,53209.1,89477.38,16.8162,2011,Diciembre,31/12/2011
15111,CMAC Trujillo,123866.14,115.42,15379.57,139361.13,254076.17,18.2315,2011,Diciembre,31/12/2011
1711,TOTAL CAJAS MUNICIPALES DE AHORRO Y CRÃ‰DITO,923670.87,4816.92,103638.1,1032125.89,1680844.41,16.2853,2011,Diciembre,31/12/2011
18111,CMCP Lima,61178.17,149.57,5688.73,67016.47,118059.1,17.6164,2011,Diciembre,31/12/2011
2011,TOTAL CAJAS MUNICIPALES,984849.04,4966.49,109326.83,1099142.36,1798903.51,16.3664,2011,Diciembre,31/12/2011
414,CMAC Arequipa,188488.39,3272.69,20933.7,212694.78,310030.81,14.58,2012,Enero,31/01/2012
516,CMAC Cusco,94351.35,855.31,9542.8,104749.46,201411.17,19.23,2012,Enero,31/01/2012
616,CMAC Del Santa,18548.73,12.94,2325.18,20886.85,29928.79,14.33,2012,Enero,31/01/2012
716,CMAC Huancayo,87690.51,266.09,9640.07,97596.67,178349.32,18.27,2012,Enero,31/01/2012
816,CMAC Ica,46345.79,18.41,5860.44,52224.64,88798.03,17,2012,Enero,31/01/2012
916,CMAC Maynas,30850.32,82.45,3239.85,34172.62,50420.67,14.75,2012,Enero,31/01/2012
1016,CMAC Paita,24538.02,152.2,3056.4,27746.62,39499.94,14.24,2012,Enero,31/01/2012
1116,CMAC Pisco,5013.18,66.37,657.41,5736.96,7202.81,12.56,2012,Enero,31/01/2012
1216,CMAC Piura,144084.99,115.96,16802.34,161003.29,253376.97,15.74,2012,Enero,31/01/2012
1315,CMAC Sullana,106950.61,33.08,12157.89,119141.58,191134.98,16.04,2012,Enero,31/01/2012
1416,CMAC Tacna,47833.28,34.26,5141.47,53009.01,90251.56,17.03,2012,Enero,31/01/2012
1516,CMAC Trujillo,123177.85,274.07,15458.18,138910.1,255666.13,18.41,2012,Enero,31/01/2012
1714,TOTAL CAJAS MUNICIPALES DE AHORRO Y CRÃ‰DITO,917873.02,5183.83,104815.73,1027872.58,1696071.18,16.5008,2012,Enero,31/01/2012
1815,CMCP Lima,59581.73,42.13,5755.31,65379.17,118445.8,18.12,2012,Enero,31/01/2012
2014,TOTAL CAJAS MUNICIPALES,977454.75,5225.96,110571.04,1093251.75,1814516.98,16.5974,2012,Enero,31/01/2012
415,CMAC Arequipa,188488.39,3272.69,20933.7,212694.78,310030.81,14.58,2012,Febrero,28/02/2012
517,CMAC Cusco,94351.35,855.31,9542.8,104749.46,201411.17,19.23,2012,Febrero,28/02/2012
617,CMAC Del Santa,18548.73,12.94,2325.18,20886.85,29928.79,14.33,2012,Febrero,28/02/2012
717,CMAC Huancayo,87690.51,266.09,9640.07,97596.67,178349.32,18.27,2012,Febrero,28/02/2012
817,CMAC Ica,46345.79,18.41,5860.44,52224.64,88798.03,17,2012,Febrero,28/02/2012
917,CMAC Maynas,30850.32,82.45,3239.85,34172.62,50420.67,14.75,2012,Febrero,28/02/2012
1017,CMAC Paita,24538.02,152.2,3056.4,27746.62,39499.94,14.24,2012,Febrero,28/02/2012
1117,CMAC Pisco,5013.18,66.37,657.41,5736.96,7202.81,12.56,2012,Febrero,28/02/2012
1217,CMAC Piura,144084.99,115.96,16802.34,161003.29,253376.97,15.74,2012,Febrero,28/02/2012
1316,CMAC Sullana,106950.61,33.08,12157.89,119141.58,191134.98,16.04,2012,Febrero,28/02/2012
1417,CMAC Tacna,47833.28,34.26,5141.47,53009.01,90251.56,17.03,2012,Febrero,28/02/2012
1517,CMAC Trujillo,123177.85,274.07,15458.18,138910.1,255666.13,18.41,2012,Febrero,28/02/2012
1715,TOTAL CAJAS MUNICIPALES DE AHORRO Y CRÃ‰DITO,917873.02,5183.83,104815.73,1027872.58,1696071.18,16.5008,2012,Febrero,28/02/2012
1816,CMCP Lima,59581.73,42.13,5755.31,65379.17,118445.8,18.12,2012,Febrero,28/02/2012
2015,TOTAL CAJAS MUNICIPALES,977454.75,5225.96,110571.04,1093251.75,1814516.98,16.5974,2012,Febrero,28/02/2012
422,CMAC Arequipa,198329.51,3853.64,21652,223835.15,319423.0658,14.2705,2012,Marzo,31/03/2012
523,CMAC Cusco,97279.65,1039.45,9718.27,108037.37,211989.4753,19.6219,2012,Marzo,31/03/2012
623,CMAC Del Santa,18198.9,20.76,2332.6,20552.26,29880.1129,14.5386,2012,Marzo,31/03/2012
723,CMAC Huancayo,90166,127.65,9900.92,100194.57,180389.0926,18.0039,2012,Marzo,31/03/2012
823,CMAC Ica,48073.75,202.09,5997.81,54273.65,90248.6793,16.6285,2012,Marzo,31/03/2012
923,CMAC Maynas,30658.75,78.87,3309.63,34047.25,50314.2056,14.7778,2012,Marzo,31/03/2012
1023,CMAC Paita,24045.15,269.1,3055.69,27369.94,39162.8591,14.3087,2012,Marzo,31/03/2012
1123,CMAC Pisco,5170.48,85.48,674.35,5930.31,7219.1262,12.1733,2012,Marzo,31/03/2012
1223,CMAC Piura,147390.29,208.19,17171.7,164770.18,258199.6187,15.6703,2012,Marzo,31/03/2012
1323,CMAC Sullana,108998.83,184.11,12431.21,121614.15,202903.4071,16.6842,2012,Marzo,31/03/2012
1423,CMAC Tacna,48633.16,29.3,5255.29,53917.75,85444.5716,15.8472,2012,Marzo,31/03/2012
1523,CMAC Trujillo,124639.48,217.73,15663.68,140520.89,260231.6206,18.5191,2012,Marzo,31/03/2012
1722,TOTAL CAJAS MUNICIPALES DE AHORRO Y CRÃ‰DITO,941583.95,6316.37,107163.15,1055063.47,1735405.835,16.4484,2012,Marzo,31/03/2012
1823,CMCP Lima,61851.37,137.53,5848.19,67837.09,119395.4317,17.6003,2012,Marzo,31/03/2012
2022,TOTAL CAJAS MUNICIPALES,1003435.32,6453.9,113011.34,1122900.56,1854801.266,16.5179,2012,Marzo,31/03/2012
432,CMAC Arequipa,204718.07,758.48,22006.19,227482.74,323504.0079,14.221,2012,Abril,30/04/2012
533,CMAC Cusco,96396.47,756.19,9812.94,106965.6,213727.0094,19.9809,2012,Abril,30/04/2012
633,CMAC Del Santa,17629.22,28.09,2325.57,19982.88,29888.7617,14.9572,2012,Abril,30/04/2012
733,CMAC Huancayo,91182.1,374.19,10026.53,101582.82,181829.4639,17.8996,2012,Abril,30/04/2012
833,CMAC Ica,49455.25,133.02,6065.35,55653.62,90691.3447,16.2957,2012,Abril,30/04/2012
933,CMAC Maynas,30689.23,44.12,3337.38,34070.73,53557.2334,15.7194,2012,Abril,30/04/2012
1033,CMAC Paita,24155.94,222.64,3049.93,27428.51,38234.0682,13.9395,2012,Abril,30/04/2012
1133,CMAC Pisco,5306.37,86.91,681.43,6074.71,7216.4808,11.8795,2012,Abril,30/04/2012
1233,CMAC Piura,148819.59,85.27,17342.58,166247.44,259762.8333,15.6251,2012,Abril,30/04/2012
1333,CMAC Sullana,109911.03,333.62,12555.43,122800.08,207795.0381,16.9214,2012,Abril,30/04/2012
1433,CMAC Tacna,49768.44,23.81,5309.31,55101.56,91298.461,16.5691,2012,Abril,30/04/2012
1533,CMAC Trujillo,125971.89,187.1,15660.8,141819.79,261543.2908,18.4419,2012,Abril,30/04/2012
1732,TOTAL CAJAS MUNICIPALES DE AHORRO Y CRÃ‰DITO,954003.6,3033.44,108173.44,1065210.48,1759047.993,16.5136,2012,Abril,30/04/2012
1833,CMCP Lima,61067.76,13.04,5873.1,66953.9,118526.0524,17.7026,2012,Abril,30/04/2012
2032,TOTAL CAJAS MUNICIPALES,1015071.36,3046.48,114046.54,1132164.38,1877574.046,16.5839,2012,Abril,30/04/2012
442,CMAC Arequipa,210174.16,76.48,22387.55,232638.19,331802.4064,14.2626,2012,Mayo,31/05/2012
543,CMAC Cusco,99884.19,618.47,9903.58,110406.24,216055.6373,19.5692,2012,Mayo,31/05/2012
643,CMAC Del Santa,17676.41,19.5,2328.49,20024.4,29984.9621,14.9742,2012,Mayo,31/05/2012
743,CMAC Huancayo,89892.89,566.54,10164.23,100623.66,183650.5579,18.2512,2012,Mayo,31/05/2012
843,CMAC Ica,49580.39,658.31,6123.18,56361.88,91505.5559,16.2354,2012,Mayo,31/05/2012
943,CMAC Maynas,30456.64,88.42,3369.41,33914.47,53751.4299,15.8491,2012,Mayo,31/05/2012
1043,CMAC Paita,24212.38,50.26,3051.23,27313.87,36136.8173,13.2302,2012,Mayo,31/05/2012
1143,CMAC Pisco,5448.77,41.26,689.69,6179.72,7221.5493,11.6859,2012,Mayo,31/05/2012
1243,CMAC Piura,150123.89,147.46,17541.9,167813.25,263133.1196,15.6801,2012,Mayo,31/05/2012
1343,CMAC Sullana,112154.36,252.85,12673.97,125081.18,209838.2862,16.7762,2012,Mayo,31/05/2012
1443,CMAC Tacna,49762.37,21.3,5362.09,55145.76,92077.8144,16.6972,2012,Mayo,31/05/2012
1543,CMAC Trujillo,127157.78,177.15,15798.31,143133.24,281738.8335,19.6837,2012,Mayo,31/05/2012
1742,TOTAL CAJAS MUNICIPALES DE AHORRO Y CRÃ‰DITO,966524.23,2718,109393.63,1078635.86,1796896.97,16.659,2012,Mayo,31/05/2012
1843,CMCP Lima,64014.35,100.69,5951.97,70067.01,118820.6121,16.9581,2012,Mayo,31/05/2012
2042,TOTAL CAJAS MUNICIPALES,1030538.58,2818.69,115345.6,1148702.87,1915717.582,16.6772,2012,Mayo,31/05/2012
452,CMAC Arequipa,214017.2,11.68,22759.22,236788.1,359334.665,15.1754,2012,Junio,30/06/2012
553,CMAC Cusco,100605.19,725.72,9999.3,111330.21,218087.1328,19.5892,2012,Junio,30/06/2012
653,CMAC Del Santa,17508.82,11.86,2327.49,19848.17,29995.4479,15.1125,2012,Junio,30/06/2012
753,CMAC Huancayo,94079.1,566.21,10306.09,104951.4,186550.5158,17.7749,2012,Junio,30/06/2012
853,CMAC Ica,50254.11,265.07,6182.52,56701.7,91551.3245,16.1461,2012,Junio,30/06/2012
953,CMAC Maynas,30394.53,50,3404.82,33849.35,54051.5794,15.9683,2012,Junio,30/06/2012
1053,CMAC Paita,23846.3,36.06,3043.27,26925.63,35584.6528,13.2159,2012,Junio,30/06/2012
1153,CMAC Pisco,5499.11,44.6,698.84,6242.55,7826.142,12.5368,2012,Junio,30/06/2012
1253,CMAC Piura,149418.56,116.62,17695.56,167230.74,263984.0951,15.7856,2012,Junio,30/06/2012
1353,CMAC Sullana,111916.83,170.15,12809.73,124896.71,211852.4148,16.9622,2012,Junio,30/06/2012
1453,CMAC Tacna,50232.63,32.08,5399.69,55664.4,92136.6198,16.5522,2012,Junio,30/06/2012
1553,CMAC Trujillo,127626.87,159.76,15911.93,143698.56,283115.0281,19.702,2012,Junio,30/06/2012
1752,TOTAL CAJAS MUNICIPALES DE AHORRO Y CRÃ‰DITO,975399.25,2189.81,110538.46,1088127.52,1834069.618,16.8553,2012,Junio,30/06/2012
1853,CMCP Lima,60055.7,163.03,6004.78,66223.51,119916.6225,18.1079,2012,Junio,30/06/2012
2051,TOTAL CAJAS MUNICIPALES,1035454.95,2352.84,116543.24,1154351.03,1953986.241,16.9271,2012,Junio,30/06/2012
461,CMAC Arequipa,222540.95,27.07,27774.79,250342.81,380237.34,15.1887,2012,Julio,31/07/2012
562,CMAC Cusco,103373.62,287.2,12117.66,115778.48,217912.4912,18.8215,2012,Julio,31/07/2012
662,CMAC Del Santa,17696.19,8.98,2779.37,20484.54,29911.3429,14.6019,2012,Julio,31/07/2012
762,CMAC Huancayo,97631.49,350.8,12545.73,110528.02,189029.1974,17.1024,2012,Julio,31/07/2012
862,CMAC Ica,50092.03,296.35,7490.82,57879.2,91773.1891,15.856,2012,Julio,31/07/2012
962,CMAC Maynas,30733.59,18.75,4108.11,34860.45,51959.9291,14.9051,2012,Julio,31/07/2012
1062,CMAC Paita,24003.66,33.9,3656.86,27694.42,31525.1807,11.3832,2012,Julio,31/07/2012
1162,CMAC Pisco,5349.11,52.81,847.07,6248.99,7875.3381,12.6026,2012,Julio,31/07/2012
1262,CMAC Piura,153228.95,131.78,21468.82,174829.55,265789.1754,15.2028,2012,Julio,31/07/2012
1362,CMAC Sullana,115646.74,147.94,15557.36,131352.04,212318.6527,16.1641,2012,Julio,31/07/2012
1462,CMAC Tacna,51295.3,26.69,6530.15,57852.14,92269.9685,15.9493,2012,Julio,31/07/2012
1562,CMAC Trujillo,131266.75,166.21,19176.72,150609.68,285283.1118,18.9419,2012,Julio,31/07/2012
1761,TOTAL CAJAS MUNICIPALES DE AHORRO Y CRÃ‰DITO,1002858.38,1548.48,134053.46,1138460.32,1855884.917,16.3017,2012,Julio,31/07/2012
1862,CMCP Lima,62490.14,37.49,7257.34,69784.97,120332.5366,17.2433,2012,Julio,31/07/2012
2061,TOTAL CAJAS MUNICIPALES,1065348.52,1585.97,141310.8,1208245.29,1976217.454,16.3561,2012,Julio,31/07/2012
471,CMAC Arequipa,228296.19,43.95,28242.09,256582.23,383151.1286,14.9329,2012,Agosto,31/08/2012
572,CMAC Cusco,104644.92,6.43,12241.93,116893.28,220151.2694,18.8335,2012,Agosto,31/08/2012
672,CMAC Del Santa,17620.47,0.52,2777.85,20398.84,30021.2264,14.7171,2012,Agosto,31/08/2012
772,CMAC Huancayo,98536.67,267.87,12723.09,111527.63,191668.8377,17.1858,2012,Agosto,31/08/2012
872,CMAC Ica,50913.43,456.14,7568.14,58937.71,92209.5711,15.6453,2012,Agosto,31/08/2012
972,CMAC Maynas,31376.6,72.18,4133.04,35581.82,52110.9286,14.6454,2012,Agosto,31/08/2012
1072,CMAC Paita,23705.61,56.1,3643.85,27405.56,32003.0273,11.6776,2012,Agosto,31/08/2012
1172,CMAC Pisco,5313.86,50.59,858.95,6223.4,7911.5012,12.7125,2012,Agosto,31/08/2012
1272,CMAC Piura,153645.01,65.59,21667.49,175378.09,267177.8493,15.2344,2012,Agosto,31/08/2012
1372,CMAC Sullana,117822.54,589.43,15710.77,134122.74,212585.1191,15.85,2012,Agosto,31/08/2012
1472,CMAC Tacna,51309.29,93.26,6600.95,58003.5,92272.8032,15.9081,2012,Agosto,31/08/2012
1572,CMAC Trujillo,131104,197.56,19236.15,150537.71,287455.6191,19.0953,2012,Agosto,31/08/2012
1771,TOTAL CAJAS MUNICIPALES DE AHORRO Y CRÃ‰DITO,1014288.59,1899.62,135404.3,1151592.51,1868718.881,16.2273,2012,Agosto,31/08/2012
1872,CMCP Lima,67329.57,1.53,7338.94,74670.04,121173.5835,16.2279,2012,Agosto,31/08/2012
2071,TOTAL CAJAS MUNICIPALES,1081618.16,1901.15,142743.24,1226262.55,1989892.465,16.2273,2012,Agosto,31/08/2012
481,CMAC Arequipa,231929.04,25.9,28681.89,260636.83,386594.7047,14.8327,2012,Septiembre,30/09/2012
582,CMAC Cusco,106396.31,331.17,12346.84,119074.32,222258.0737,18.6655,2012,Septiembre,30/09/2012
682,CMAC Del Santa,17540.79,0.57,2779.37,20320.73,29869.3819,14.699,2012,Septiembre,30/09/2012
782,CMAC Huancayo,101068.42,159.37,12897.14,114124.93,194557.9025,17.0478,2012,Septiembre,30/09/2012
882,CMAC Ica,51591.49,205.72,7619.45,59416.66,92675.1638,15.5975,2012,Septiembre,30/09/2012
982,CMAC Maynas,31320.89,161.24,4165.88,35648.01,52113.5734,14.6189,2012,Septiembre,30/09/2012
1082,CMAC Paita,23699.23,0.19,3657.73,27357.15,32358.9263,11.8283,2012,Septiembre,30/09/2012
1182,CMAC Pisco,5298.75,48.29,869.37,6216.41,7758.5124,12.4807,2012,Septiembre,30/09/2012
1282,CMAC Piura,155924.44,48.99,21850.62,177824.05,269054.2188,15.1304,2012,Septiembre,30/09/2012
1382,CMAC Sullana,119849.1,269.9,15815.31,135934.31,212847.3832,15.6581,2012,Septiembre,30/09/2012
1482,CMAC Tacna,51699.83,130.21,6664.37,58494.41,92322.3129,15.7831,2012,Septiembre,30/09/2012
1582,CMAC Trujillo,132369.65,159.67,19307.07,151836.39,289046.4484,19.0367,2012,Septiembre,30/09/2012
1781,TOTAL CAJAS MUNICIPALES DE AHORRO Y CRÃ‰DITO,1028687.94,1541.22,136655.04,1166884.2,1881456.602,16.1238,2012,Septiembre,30/09/2012
1882,CMCP Lima,68853.76,121.66,7379.49,76354.91,121488.5866,15.911,2012,Septiembre,30/09/2012
2081,TOTAL CAJAS MUNICIPALES,1097541.7,1662.88,144034.53,1243239.11,2002945.189,16.1107,2012,Septiembre,30/09/2012
491,CMAC Arequipa,235952.65,19.14,29219.34,265191.13,389894.0123,14.7024,2012,Octubre,31/10/2012
592,CMAC Cusco,107356.75,451.97,12470.05,120278.77,224420.8312,18.6584,2012,Octubre,31/10/2012
692,CMAC Del Santa,17655.12,0.32,2776.49,20431.93,29925.0624,14.6462,2012,Octubre,31/10/2012
792,CMAC Huancayo,103782.86,63,13084.13,116929.99,197400.1315,16.8819,2012,Octubre,31/10/2012
892,CMAC Ica,52758.06,1298.21,7672.5,61728.77,92840.1761,15.04,2012,Octubre,31/10/2012
992,CMAC Maynas,31651.72,427.37,4205.21,36284.3,56497.8651,15.5709,2012,Octubre,31/10/2012
1092,CMAC Paita,23711.12,15.46,3656.53,27383.11,32465.9937,11.8562,2012,Octubre,31/10/2012
1192,CMAC Pisco,5283.84,48.88,879.95,6212.67,7727.0724,12.4376,2012,Octubre,31/10/2012
1292,CMAC Piura,157476.87,34.31,22028.48,179539.66,270778.2488,15.0818,2012,Octubre,31/10/2012
1392,CMAC Sullana,122372.79,520.57,15919.44,138812.8,213168.1075,15.3565,2012,Octubre,31/10/2012
1492,CMAC Tacna,52565.96,94.9,6718.09,59378.95,92430.4526,15.5662,2012,Octubre,31/10/2012
1592,CMAC Trujillo,133811.21,208.24,19410.6,153430.05,290862.4456,18.9573,2012,Octubre,31/10/2012
1791,TOTAL CAJAS MUNICIPALES DE AHORRO Y CRÃ‰DITO,1044378.95,3182.37,138040.81,1185602.13,1898410.399,16.0122,2012,Octubre,31/10/2012
1892,CMCP Lima,71652.46,77.27,7477.13,79206.86,113489.705,14.3283,2012,Octubre,31/10/2012
2091,TOTAL CAJAS MUNICIPALES,1116031.41,3259.64,145517.94,1264808.99,2011900.104,15.9068,2012,Octubre,31/10/2012
4101,CMAC Arequipa,240947.01,2.74,29697.11,270646.86,392324.6133,14.4958,2012,Noviembre,30/11/2012
5102,CMAC Cusco,108883.53,838.07,12573.36,122294.96,226524.7196,18.5228,2012,Noviembre,30/11/2012
6102,CMAC Del Santa,17859.92,6.98,2764.71,20631.61,29860.3358,14.4731,2012,Noviembre,30/11/2012
7102,CMAC Huancayo,106689.39,61.88,13272.27,120023.54,200757.6075,16.7265,2012,Noviembre,30/11/2012
8102,CMAC Ica,54953.86,49.07,7743.25,62746.18,93403.7894,14.886,2012,Noviembre,30/11/2012
9102,CMAC Maynas,32716.58,220.2,4236.26,37173.04,57866.5763,15.5668,2012,Noviembre,30/11/2012
10102,CMAC Paita,23585.86,41.61,3648.27,27275.74,29935.3966,10.9751,2012,Noviembre,30/11/2012
11102,CMAC Pisco,5311.49,21.22,890.86,6223.57,7750.6857,12.4538,2012,Noviembre,30/11/2012
12102,CMAC Piura,160261.52,167.23,22206.79,182635.54,272822.1568,14.9381,2012,Noviembre,30/11/2012
13102,CMAC Sullana,123900.44,462.98,16038.77,140402.19,213362.0183,15.1965,2012,Noviembre,30/11/2012
14102,CMAC Tacna,53001.34,66.28,6770.43,59838.05,92486.153,15.4561,2012,Noviembre,30/11/2012
15102,CMAC Trujillo,134405.23,148.95,19452.16,154006.34,293321.3972,19.0461,2012,Noviembre,30/11/2012
17101,TOTAL CAJAS MUNICIPALES DE AHORRO Y CRÃ‰DITO,1062516.17,2087.21,139294.24,1203897.62,1910415.45,15.8686,2012,Noviembre,30/11/2012
18102,CMCP Lima,74574.91,126.02,7545.9,82246.83,113229.8211,13.7671,2012,Noviembre,30/11/2012
20101,TOTAL CAJAS MUNICIPALES,1137091.08,2213.23,146840.14,1286144.45,2023645.271,15.7342,2012,Noviembre,30/11/2012
4111,CMAC Arequipa,238324.55,196.44,30185.28,268706.27,390393.091,14.5286,2012,Diciembre,31/12/2012
5112,CMAC Cusco,110424.71,730.07,12686.78,123841.56,228573.4983,18.4569,2012,Diciembre,31/12/2012
6112,CMAC Del Santa,17537.85,20.1,2745.31,20303.26,29907.6893,14.7305,2012,Diciembre,31/12/2012
7112,CMAC Huancayo,109473.91,91.63,13472.85,123038.39,205435.8816,16.6969,2012,Diciembre,31/12/2012
8112,CMAC Ica,55495.26,441.73,7811.58,63748.57,94645.2553,14.8466,2012,Diciembre,31/12/2012
9112,CMAC Maynas,31898.19,35.55,4279.77,36213.51,57827.536,15.9685,2012,Diciembre,31/12/2012
10112,CMAC Paita,22958.53,76.68,3638.09,26673.3,27762.1242,10.4082,2012,Diciembre,31/12/2012
11112,CMAC Pisco,5336.88,12.22,900.71,6249.81,7687.8843,12.301,2012,Diciembre,31/12/2012
12112,CMAC Piura,160694.35,242.61,22560.09,183497.05,276432.2553,15.0647,2012,Diciembre,31/12/2012
13112,CMAC Sullana,121472.33,311.1,16149.9,137933.33,213054.7007,15.4462,2012,Diciembre,31/12/2012
14112,CMAC Tacna,52755.34,85.79,6824.05,59665.18,92456.3838,15.4959,2012,Diciembre,31/12/2012
15112,CMAC Trujillo,136757.18,284.18,19526.3,156567.66,292474.2834,18.6804,2012,Diciembre,31/12/2012
17111,TOTAL CAJAS MUNICIPALES DE AHORRO Y CRÃ‰DITO,1063129.08,2528.1,140780.71,1206437.89,1916650.583,15.8869,2012,Diciembre,31/12/2012
18112,CMCP Lima,75115.18,208.34,7620.07,82943.59,122571.5107,14.7777,2012,Diciembre,31/12/2012
20111,TOTAL CAJAS MUNICIPALES,1138244.26,2736.44,148400.78,1289381.48,2039222.094,15.8155,2012,Diciembre,31/12/2012
416,CMAC Arequipa,238115.45,131.48,30729.81,268976.74,394360.6989,14.6615,2013,Enero,31/01/2013
518,CMAC Cusco,109797.01,529.83,12802.82,123129.66,229901.1045,18.6715,2013,Enero,31/01/2013
618,CMAC Del Santa,17080.1,10.4,2743.06,19833.56,29421.1649,14.834,2013,Enero,31/01/2013
718,CMAC Huancayo,104472.42,53.25,13684.23,118209.9,206000.7898,17.4267,2013,Enero,31/01/2013
818,CMAC Ica,54085.48,625.47,7906.32,62617.27,89503.4717,14.2937,2013,Enero,31/01/2013
918,CMAC Maynas,32067.08,107.82,4323.45,36498.35,57809.2863,15.8389,2013,Enero,31/01/2013
1018,CMAC Paita,22792.65,0.83,3634.45,26427.93,29867.7096,11.3016,2013,Enero,31/01/2013
1118,CMAC Pisco,5359.38,7.76,913.66,6280.8,7694.823,12.2513,2013,Enero,31/01/2013
1218,CMAC Piura,161805.51,45.99,22798.12,184649.62,276913.5696,14.9967,2013,Enero,31/01/2013
1317,CMAC Sullana,125299.6,425.14,16343.77,142068.51,214890.0468,15.1258,2013,Enero,31/01/2013
1418,CMAC Tacna,53236.23,104.7,6897.12,60238.05,92514.9799,15.3582,2013,Enero,31/01/2013
1518,CMAC Trujillo,138926.55,98.4,19550.95,158575.9,294264.234,18.5567,2013,Enero,31/01/2013
1716,TOTAL CAJAS MUNICIPALES DE AHORRO Y CRÃ‰DITO,1063037.46,2141.07,142327.76,1207506.29,1923141.879,15.9266,2013,Enero,31/01/2013
1817,CMCP Lima,73949.62,163.48,7701.96,81815.06,119654.0577,14.6249,2013,Enero,31/01/2013
2016,TOTAL CAJAS MUNICIPALES,1136987.08,2304.55,150029.72,1289321.35,2042795.937,15.844,2013,Enero,31/01/2013
417,CMAC Arequipa,240662.51,47.16,31212.44,271922.11,397606.4503,14.6221,2013,Febrero,28/02/2013
519,CMAC Cusco,110827.8,507.94,12886.27,124222.01,231042.8959,18.5992,2013,Febrero,28/02/2013
619,CMAC Del Santa,17266.63,14.38,2737.78,20018.79,28895.0705,14.434,2013,Febrero,28/02/2013
719,CMAC Huancayo,105237.3,56.23,13836.01,119129.54,207690.8141,17.434,2013,Febrero,28/02/2013
819,CMAC Ica,54435.6,648.93,7963.85,63048.38,94538.3953,14.9946,2013,Febrero,28/02/2013
919,CMAC Maynas,31528.28,188.46,4367.6,36084.34,57643.2766,15.9746,2013,Febrero,28/02/2013
1019,CMAC Paita,23032.56,41.43,3641.11,26715.1,30236.32,11.3181,2013,Febrero,28/02/2013
1119,CMAC Pisco,5308.66,2.91,924.74,6236.31,7684.3559,12.322,2013,Febrero,28/02/2013
1219,CMAC Piura,164524.25,644.65,23009.47,188178.37,277593.9719,14.7516,2013,Febrero,28/02/2013
1318,CMAC Sullana,124231.76,375.58,16574.63,141181.97,216302.6874,15.3208,2013,Febrero,28/02/2013
1419,CMAC Tacna,54491.26,102.92,6922.39,61516.57,92671.186,15.0644,2013,Febrero,28/02/2013
1519,CMAC Trujillo,140434.72,101.54,19586.7,160122.96,295397.2726,18.4482,2013,Febrero,28/02/2013
1717,TOTAL CAJAS MUNICIPALES DE AHORRO Y CRÃ‰DITO,1071981.33,2732.13,143662.99,1218376.45,1937302.697,15.9007,2013,Febrero,28/02/2013
1818,CMCP Lima,73086.18,120.21,7757.06,80963.45,121125.4523,14.9605,2013,Febrero,28/02/2013
2017,TOTAL CAJAS MUNICIPALES,1145067.51,2852.34,151420.05,1299339.9,2058428.149,15.8421,2013,Febrero,28/02/2013
423,CMAC Arequipa,244397.63,23.39,31693.86,276114.88,409577.7703,14.8336,2013,Marzo,31/03/2013
524,CMAC Cusco,111370.46,533.93,12970.73,124875.12,236266.0792,18.9202,2013,Marzo,31/03/2013
624,CMAC Del Santa,17349.37,47.29,2688.97,20085.63,28057.8182,13.9691,2013,Marzo,31/03/2013
724,CMAC Huancayo,106491.44,73.7,14027.73,120592.87,209698.8681,17.389,2013,Marzo,31/03/2013
824,CMAC Ica,54504.81,91.02,8022.87,62618.7,93396.7309,14.9152,2013,Marzo,31/03/2013
924,CMAC Maynas,31764.03,44.59,4390.16,36198.78,61012.1195,16.8547,2013,Marzo,31/03/2013
1024,CMAC Paita,22962.94,30.81,3631.8,26625.55,29679.4142,11.147,2013,Marzo,31/03/2013
1124,CMAC Pisco,5268.62,4.4,932.86,6205.88,7356.119,11.8535,2013,Marzo,31/03/2013
1224,CMAC Piura,164419.9,107.21,23192.07,187719.18,277180.5083,14.7657,2013,Marzo,31/03/2013
1324,CMAC Sullana,120914.26,485.82,16721.81,138121.89,224075.6499,16.223,2013,Marzo,31/03/2013
1424,CMAC Tacna,53423.22,118.88,6979.81,60521.91,96434.534,15.9338,2013,Marzo,31/03/2013
1524,CMAC Trujillo,141758.69,89.88,19759.09,161607.66,296768.4606,18.3635,2013,Marzo,31/03/2013
1723,TOTAL CAJAS MUNICIPALES DE AHORRO Y CRÃ‰DITO,1074625.37,1650.92,145011.76,1221288.05,1969504.072,16.1265,2013,Marzo,31/03/2013
1824,CMCP Lima,73579,77.3,7780.47,81436.77,119102.2113,14.6251,2013,Marzo,31/03/2013
2023,TOTAL CAJAS MUNICIPALES,1148204.37,1728.22,152792.23,1302724.82,2088606.284,16.0326,2013,Marzo,31/03/2013
433,CMAC Arequipa,249145.17,201.65,32195.06,281541.88,412218.3976,14.6415,2013,Abril,30/04/2013
534,CMAC Cusco,113412.43,490.4,13100.87,127003.7,238327.9447,18.7654,2013,Abril,30/04/2013
634,CMAC Del Santa,17187.53,101.84,2678.51,19967.88,27769.3757,13.907,2013,Abril,30/04/2013
734,CMAC Huancayo,109034.39,22.32,14222.88,123279.59,211626.2196,17.1664,2013,Abril,30/04/2013
834,CMAC Ica,60456.1,579.34,8096.5,69131.94,106567.6141,15.4151,2013,Abril,30/04/2013
934,CMAC Maynas,32248.81,0.34,4419.06,36668.21,61550.1151,16.7857,2013,Abril,30/04/2013
1034,CMAC Paita,22678.04,66.2,3617.16,26361.4,28144.1468,10.6763,2013,Abril,30/04/2013
1134,CMAC Pisco,5120.45,50.43,943.98,6114.86,6537.8771,10.6918,2013,Abril,30/04/2013
1234,CMAC Piura,166519.87,97.3,23443.46,190060.63,283894.4653,14.937,2013,Abril,30/04/2013
1334,CMAC Sullana,125285.58,314.28,16877.33,142477.19,225691.1147,15.8405,2013,Abril,30/04/2013
1434,CMAC Tacna,53226.25,137.16,7030.94,60394.35,104156.2904,17.246,2013,Abril,30/04/2013
1534,CMAC Trujillo,142080.57,261.4,19927.54,162269.51,299031.3167,18.4281,2013,Abril,30/04/2013
1733,TOTAL CAJAS MUNICIPALES DE AHORRO Y CRÃ‰DITO,1096395.19,2322.66,146553.29,1245271.14,2005514.878,16.105,2013,Abril,30/04/2013
1834,CMCP Lima,70786.45,38.15,7839.37,78663.97,118503.9802,15.0646,2013,Abril,30/04/2013
2033,TOTAL CAJAS MUNICIPALES,1167181.64,2360.81,154392.66,1323935.11,2124018.858,16.0432,2013,Abril,30/04/2013
443,CMAC Arequipa,254676.16,34.95,32778.15,287489.26,417833.9585,14.5339,2013,Mayo,31/05/2013
544,CMAC Cusco,115455.24,653.27,13218.3,129326.81,240434.5095,18.5912,2013,Mayo,31/05/2013
644,CMAC Del Santa,17309.93,134.27,2687.37,20131.57,27403.4766,13.6122,2013,Mayo,31/05/2013
744,CMAC Huancayo,111636.82,87.35,14425.2,126149.37,214279.5702,16.9862,2013,Mayo,31/05/2013
844,CMAC Ica,61120.46,700.24,8157.3,69978,106773.3543,15.2581,2013,Mayo,31/05/2013
944,CMAC Maynas,32350.17,50.77,4454.57,36855.51,61897.4559,16.7946,2013,Mayo,31/05/2013
1044,CMAC Paita,22159.85,29.54,3606.28,25795.67,27974.2485,10.8446,2013,Mayo,31/05/2013
1144,CMAC Pisco,5027.45,42.85,954.15,6024.45,6419.722,10.6561,2013,Mayo,31/05/2013
1244,CMAC Piura,171198.53,553.6,23726.28,195478.41,286455.0559,14.6541,2013,Mayo,31/05/2013
1344,CMAC Sullana,127883.13,327.53,17046.99,145257.65,226530.1243,15.5951,2013,Mayo,31/05/2013
1444,CMAC Tacna,54251.65,61.28,7084.82,61397.75,110620.2595,18.017,2013,Mayo,31/05/2013
1544,CMAC Trujillo,142621.6,264.28,20025.39,162911.27,300010.8475,18.4156,2013,Mayo,31/05/2013
1743,TOTAL CAJAS MUNICIPALES DE AHORRO Y CRÃ‰DITO,1115690.99,2939.93,148164.8,1266795.72,2026632.583,15.9981,2013,Mayo,31/05/2013
1844,CMCP Lima,69021.76,631.08,7844.46,77497.3,115338.0475,14.8828,2013,Mayo,31/05/2013
2043,TOTAL CAJAS MUNICIPALES,1184712.75,3571.01,156009.26,1344293.02,2141970.63,15.9338,2013,Mayo,31/05/2013
453,CMAC Arequipa,258498.87,171.23,33317.81,291987.91,422031.1558,14.4537,2013,Junio,30/06/2013
554,CMAC Cusco,116777.84,398.94,13350.48,130527.26,242253.6806,18.5596,2013,Junio,30/06/2013
654,CMAC Del Santa,17305.07,224.8,2718.42,20248.29,27550.9631,13.6066,2013,Junio,30/06/2013
754,CMAC Huancayo,114040.79,45.61,14599.76,128686.16,217428.296,16.896,2013,Junio,30/06/2013
854,CMAC Ica,61426.72,298.42,8232.4,69957.54,107124.9466,15.3129,2013,Junio,30/06/2013
954,CMAC Maynas,32958.06,11.37,4478.01,37447.44,62406.0955,16.665,2013,Junio,30/06/2013
1054,CMAC Paita,22035.05,44.31,3587.62,25666.98,27206.1265,10.5997,2013,Junio,30/06/2013
1154,CMAC Pisco,4948.41,38.94,958.3,5945.65,6417.1537,10.793,2013,Junio,30/06/2013
1254,CMAC Piura,175264.59,91.56,24001.38,199357.53,288406.3118,14.4668,2013,Junio,30/06/2013
1354,CMAC Sullana,126602.83,217.32,17215.88,144036.03,227265.0111,15.7783,2013,Junio,30/06/2013
1454,CMAC Tacna,54483.97,80.32,7133.67,61697.96,110649.9781,17.9341,2013,Junio,30/06/2013
1554,CMAC Trujillo,142143.87,262.85,20088.65,162495.37,310824.5569,19.1282,2013,Junio,30/06/2013
1753,TOTAL CAJAS MUNICIPALES DE AHORRO Y CRÃ‰DITO,1126486.07,1885.67,149682.38,1278054.12,2049564.276,16.0366,2013,Junio,30/06/2013
1854,CMCP Lima,67521.13,159.35,7853.76,75534.24,117005.3063,15.4904,2013,Junio,30/06/2013
2052,TOTAL CAJAS MUNICIPALES,1194007.2,2045.02,157536.14,1353588.36,2166569.582,16.0061,2013,Junio,30/06/2013
462,CMAC Arequipa,257931.39,787.77,45190.24,303909.4,439580.6323,14.4642,2013,Julio,31/07/2013
563,CMAC Cusco,118571.33,119.35,17981.65,136672.33,244320.9426,17.8764,2013,Julio,31/07/2013
663,CMAC Del Santa,17752.57,269.05,3612.02,21633.64,27805.0498,12.8527,2013,Julio,31/07/2013
763,CMAC Huancayo,115393.19,170.57,19728.27,135292.03,219998.2375,16.261,2013,Julio,31/07/2013
863,CMAC Ica,61951.18,298.01,11061.8,73310.99,108065.4934,14.7407,2013,Julio,31/07/2013
963,CMAC Maynas,32788.68,43.93,6000.23,38832.84,61820.5771,15.9197,2013,Julio,31/07/2013
1063,CMAC Paita,21618.48,13.14,4763.36,26394.98,27513.3986,10.4237,2013,Julio,31/07/2013
1163,CMAC Pisco,4848.64,2.91,1212.88,6064.43,6074.52,10.0166,2013,Julio,31/07/2013
1263,CMAC Piura,176773.52,151.53,32475.45,209400.5,290638.1341,13.8795,2013,Julio,31/07/2013
1363,CMAC Sullana,130866.84,206.94,23249.92,154323.7,227376.899,14.7338,2013,Julio,31/07/2013
1463,CMAC Tacna,53854.56,84.07,9585.7,63524.33,110572.5796,17.4063,2013,Julio,31/07/2013
1563,CMAC Trujillo,140907.83,402.99,26909.82,168220.64,312766.8269,18.5927,2013,Julio,31/07/2013
1762,TOTAL CAJAS MUNICIPALES DE AHORRO Y CRÃ‰DITO,1133258.21,2550.26,201771.34,1337579.81,2076533.291,15.5246,2013,Julio,31/07/2013
1863,CMCP Lima,67137.29,162.52,10470.34,77770.15,116888.7185,15.03,2013,Julio,31/07/2013
2062,TOTAL CAJAS MUNICIPALES,1200395.5,2712.78,212241.68,1415349.96,2193422.01,15.4974,2013,Julio,31/07/2013
472,CMAC Arequipa,259928.76,1788.8,46022.82,307740.38,442916.501,14.3925,2013,Agosto,31/08/2013
573,CMAC Cusco,120741.23,37.35,18153.4,138931.98,246467.6059,17.7402,2013,Agosto,31/08/2013
673,CMAC Del Santa,17268.54,126.29,3601.02,20995.85,27737.6727,13.211,2013,Agosto,31/08/2013
773,CMAC Huancayo,118083.07,125.89,19952.65,138161.61,223338.1203,16.165,2013,Agosto,31/08/2013
873,CMAC Ica,62784.01,266.58,11145.23,74195.82,108352.7639,14.6036,2013,Agosto,31/08/2013
973,CMAC Maynas,32907.49,7.02,6044.04,38958.55,61963.1854,15.9049,2013,Agosto,31/08/2013
1073,CMAC Paita,21314.08,31.94,4739.33,26085.35,26938.3572,10.327,2013,Agosto,31/08/2013
1173,CMAC Pisco,4712.49,1.5,1178.5,5892.49,5909.0022,10.028,2013,Agosto,31/08/2013
1273,CMAC Piura,179063.79,19.3,32848.33,211931.42,292414.2085,13.7976,2013,Agosto,31/08/2013
1373,CMAC Sullana,131476.6,251.55,23475.92,155204.07,226448.1915,14.5904,2013,Agosto,31/08/2013
1473,CMAC Tacna,53999.68,64.35,9659.83,63723.86,110592.4657,17.355,2013,Agosto,31/08/2013
1573,CMAC Trujillo,141412.02,324.09,27039.45,168775.56,313653.3769,18.5841,2013,Agosto,31/08/2013
1772,TOTAL CAJAS MUNICIPALES DE AHORRO Y CRÃ‰DITO,1143691.76,3044.66,203860.52,1350596.94,2086731.451,15.4504,2013,Agosto,31/08/2013
1873,CMCP Lima,67322.18,215.36,10454.87,77992.41,116753.2782,14.9698,2013,Agosto,31/08/2013
2072,TOTAL CAJAS MUNICIPALES,1211013.94,3260.02,214315.39,1428589.35,2203484.73,15.4242,2013,Agosto,31/08/2013
482,CMAC Arequipa,266802.13,714.28,46699.44,314215.85,458555.9956,14.5937,2013,Septiembre,30/09/2013
583,CMAC Cusco,121657.52,69.94,18319.51,140046.97,248411.3891,17.7377,2013,Septiembre,30/09/2013
683,CMAC Del Santa,18048.29,123.15,3587.04,21758.48,27531.8122,12.6534,2013,Septiembre,30/09/2013
783,CMAC Huancayo,122099.05,110.78,20161.3,142371.13,227040.6735,15.9471,2013,Septiembre,30/09/2013
883,CMAC Ica,63237.23,343.46,11261.59,74842.28,107202.5513,14.3238,2013,Septiembre,30/09/2013
983,CMAC Maynas,34002.47,37.33,6084.42,40124.22,62695.9541,15.6255,2013,Septiembre,30/09/2013
1083,CMAC Paita,21054.82,99.09,4742.41,25896.32,27104.4203,10.4665,2013,Septiembre,30/09/2013
1183,CMAC Pisco,4937.54,3.52,1235.26,6176.32,8374.4269,13.5589,2013,Septiembre,30/09/2013
1283,CMAC Piura,183522.09,92.98,33239.44,216854.51,294766.4999,13.5928,2013,Septiembre,30/09/2013
1383,CMAC Sullana,140662.05,242.35,23706.93,164611.33,226865.6191,13.7819,2013,Septiembre,30/09/2013
1483,CMAC Tacna,55474.08,43.15,9728.73,65245.96,110775.9152,16.9782,2013,Septiembre,30/09/2013
1583,CMAC Trujillo,145275.09,252.68,27138.93,172666.7,314516.5822,18.2152,2013,Septiembre,30/09/2013
1782,TOTAL CAJAS MUNICIPALES DE AHORRO Y CRÃ‰DITO,1176772.36,2132.71,205905,1384810.07,2113841.84,15.2645,2013,Septiembre,30/09/2013
1883,CMCP Lima,66166.31,37.21,10444.87,76648.39,116594.5711,15.2116,2013,Septiembre,30/09/2013
2082,TOTAL CAJAS MUNICIPALES,1242938.67,2169.92,216349.87,1461458.46,2230436.411,15.2617,2013,Septiembre,30/09/2013
492,CMAC Arequipa,269994.69,504.22,47449.47,317948.38,462300.55,14.54,2013,Octubre,31/10/2013
593,CMAC Cusco,131082.84,294.5,18499.75,149877.09,251475.69,16.78,2013,Octubre,31/10/2013
693,CMAC Del Santa,17487.63,117.43,3581.97,21187.03,27604.6,13.03,2013,Octubre,31/10/2013
793,CMAC Huancayo,127179,94.54,20468.14,147741.68,230591.83,15.61,2013,Octubre,31/10/2013
893,CMAC Ica,64154.58,303.3,11377.52,75835.4,108077.36,14.25,2013,Octubre,31/10/2013
993,CMAC Maynas,33952.64,64.83,6122.11,40139.58,62984.51,15.69,2013,Octubre,31/10/2013
1093,CMAC Paita,20376.49,105.31,4717.74,25199.54,27240.71,10.81,2013,Octubre,31/10/2013
1193,CMAC Pisco,4956.07,7,1240.77,6203.84,7764.69,12.52,2013,Octubre,31/10/2013
1293,CMAC Piura,186547.87,218.34,33627.5,220393.71,295969.34,13.43,2013,Octubre,31/10/2013
1393,CMAC Sullana,140587.58,251.77,24015.6,164854.95,227174.23,13.78,2013,Octubre,31/10/2013
1493,CMAC Tacna,57618.44,4.26,9817.32,67440.02,111043.39,16.47,2013,Octubre,31/10/2013
1593,CMAC Trujillo,146387.46,170.95,27327.06,173885.47,315806.38,18.16,2013,Octubre,31/10/2013
1792,TOTAL CAJAS MUNICIPALES DE AHORRO Y CRÃ‰DITO,1200325.29,2136.45,208244.95,1410706.69,2128033.28,15.0849,2013,Octubre,31/10/2013
1893,CMCP Lima,64243.71,73.12,10410.72,74727.55,115649.48,15.48,2013,Octubre,31/10/2013
2092,TOTAL CAJAS MUNICIPALES,1264569,2209.57,218655.67,1485434.24,2243682.76,15.1046,2013,Octubre,31/10/2013
4102,CMAC Arequipa,277417.69,450.36,48077.75,325945.8,466494.08,14.31,2013,Noviembre,30/11/2013
5103,CMAC Cusco,134306.25,284.22,18668.91,153259.38,253703.21,16.55,2013,Noviembre,30/11/2013
6103,CMAC Del Santa,17468.11,116.09,3577.62,21161.82,27740.67,13.11,2013,Noviembre,30/11/2013
7103,CMAC Huancayo,130204.66,72.81,20733.54,151011.01,234591.67,15.53,2013,Noviembre,30/11/2013
8103,CMAC Ica,65492.12,67.23,11469,77028.35,108750.31,14.12,2013,Noviembre,30/11/2013
9103,CMAC Maynas,33481.26,7.3,6155.48,39644.04,62673.51,15.81,2013,Noviembre,30/11/2013
10103,CMAC Paita,20379.27,110.31,4702.25,25191.83,26543.02,10.54,2013,Noviembre,30/11/2013
11103,CMAC Pisco,5027.25,1.33,1257.14,6285.72,7416.61,11.8,2013,Noviembre,30/11/2013
12103,CMAC Piura,190092.44,93.01,34004.65,224190.1,298690.96,13.32,2013,Noviembre,30/11/2013
13103,CMAC Sullana,144450.15,174.44,24373.38,168997.97,227707.25,13.47,2013,Noviembre,30/11/2013
14103,CMAC Tacna,58758.08,343.68,9899.94,69001.7,111183.81,16.11,2013,Noviembre,30/11/2013
15103,CMAC Trujillo,148686.82,163.42,27484.75,176334.99,318241.66,18.05,2013,Noviembre,30/11/2013
17102,TOTAL CAJAS MUNICIPALES DE AHORRO Y CRÃ‰DITO,1225764.1,1884.2,210404.41,1438052.71,2143736.76,14.9072,2013,Noviembre,30/11/2013
18103,CMCP Lima,67141.3,113.57,10371.81,77626.68,112783.13,14.53,2013,Noviembre,30/11/2013
20102,TOTAL CAJAS MUNICIPALES,1292905.4,1997.77,220776.22,1515679.39,2256519.89,14.8878,2013,Noviembre,30/11/2013
4112,CMAC Arequipa,279926.48,661.31,48681.53,329269.32,468481.81,14.23,2013,Diciembre,31/12/2013
5113,CMAC Cusco,140747.82,171.16,18852.2,159771.18,256299.67,16.04,2013,Diciembre,31/12/2013
6113,CMAC Del Santa,17830.84,165.94,3622.33,21619.11,28252.69,13.07,2013,Diciembre,31/12/2013
7113,CMAC Huancayo,134153.07,156.6,21021.93,155331.6,239364.83,15.41,2013,Diciembre,31/12/2013
8113,CMAC Ica,65488.59,355.02,11604.65,77448.26,110235.72,14.23,2013,Diciembre,31/12/2013
9113,CMAC Maynas,34171.17,134.21,6207.21,40512.59,63028.15,15.56,2013,Diciembre,31/12/2013
10113,CMAC Paita,19720.15,89.28,4657.16,24466.59,27067.1,11.06,2013,Diciembre,31/12/2013
11113,CMAC Pisco,5091.05,10.05,1275.27,6376.37,7129.72,11.18,2013,Diciembre,31/12/2013
12113,CMAC Piura,191886.66,12.67,34464.32,226363.65,305767.16,13.51,2013,Diciembre,31/12/2013
13113,CMAC Sullana,144807.75,148.94,24697.86,169654.55,226936.76,13.38,2013,Diciembre,31/12/2013
14113,CMAC Tacna,58756.54,234.16,10004.76,68995.46,111192.94,16.12,2013,Diciembre,31/12/2013
15113,CMAC Trujillo,151019.79,583.41,27572.32,179175.52,317564.52,17.72,2013,Diciembre,31/12/2013
17112,TOTAL CAJAS MUNICIPALES DE AHORRO Y CRÃ‰DITO,1243599.91,2722.75,212661.54,1458984.2,2161321.07,14.8139,2013,Diciembre,31/12/2013
18113,CMCP Lima,66060.36,106.35,10326.7,76493.41,106902.03,13.98,2013,Diciembre,31/12/2013
20112,TOTAL CAJAS MUNICIPALES,1309660.27,2829.1,222988.24,1535477.61,2268223.1,14.7721,2013,Diciembre,31/12/2013
418,CMAC Arequipa,279862.72,717.35,49364.66,329944.73,497333.34,15.07,2014,Enero,31/01/2014
520,CMAC Cusco,142571.92,132.61,19033.45,161737.98,258663.52,15.99,2014,Enero,31/01/2014
620,CMAC Del Santa,17810.46,142.53,3615.92,21568.91,27996.22,12.98,2014,Enero,31/01/2014
720,CMAC Huancayo,134659.26,130.9,21307.82,156097.98,240587.8,15.41,2014,Enero,31/01/2014
820,CMAC Ica,65878.77,94.23,11711.18,77684.18,111476.36,14.35,2014,Enero,31/01/2014
920,CMAC Maynas,33937.96,22.36,6253.35,40213.67,63535.45,15.8,2014,Enero,31/01/2014
1020,CMAC Paita,19391.17,114.93,4630.68,24136.78,26527.26,10.99,2014,Enero,31/01/2014
1120,CMAC Pisco (*),5091.05,10.05,1275.27,6376.37,7129.72,11.18,2014,Enero,31/01/2014
1220,CMAC Piura,191964.21,38.53,34822.49,226825.23,305778.27,13.48,2014,Enero,31/01/2014
1319,CMAC Sullana,144499.74,302.08,24964.68,169766.5,226351.42,13.33,2014,Enero,31/01/2014
1420,CMAC Tacna,58574.59,237.29,10119.02,68930.9,111170.73,16.13,2014,Enero,31/01/2014
1520,CMAC Trujillo,150652.19,153.04,27742.13,178547.36,318680.97,17.85,2014,Enero,31/01/2014
1718,TOTAL CAJAS MUNICIPALES DE AHORRO Y CRÃ‰DITO,1244894.04,2095.9,214840.65,1461830.59,2195231.06,15.017,2014,Enero,31/01/2014
1819,CMCP Lima,64377.06,47.9,10377.71,74802.67,104695.1,14,2014,Enero,31/01/2014
2018,TOTAL CAJAS MUNICIPALES,1309271.1,2143.8,225218.36,1536633.26,2299926.16,14.9673,2014,Enero,31/01/2014
419,CMAC Arequipa,285322.36,7456.84,50025.4,342804.6,501209.45,14.62,2014,Febrero,28/02/2014
5110,CMAC Cusco,146415.17,195.06,19188.38,165798.61,260279.32,15.7,2014,Febrero,28/02/2014
6110,CMAC Del Santa,17851.8,206.39,3618.48,21676.67,28270.36,13.04,2014,Febrero,28/02/2014
7110,CMAC Huancayo,136193.89,130.18,21572.05,157896.12,242539.98,15.36,2014,Febrero,28/02/2014
8110,CMAC Ica,65622.12,626.4,11785.13,78033.65,111977.12,14.35,2014,Febrero,28/02/2014
9110,CMAC Maynas,34509.49,21.01,6280.96,40811.46,63278.17,15.5,2014,Febrero,28/02/2014
10110,CMAC Paita,19328.51,135.97,4590.41,24054.89,26414.35,10.98,2014,Febrero,28/02/2014
11110,CMAC Pisco (*),5091.05,10.05,1275.27,6376.37,7129.72,11.18,2014,Febrero,28/02/2014
12110,CMAC Piura,192033.72,80.76,35176.64,227291.12,305788.16,13.45,2014,Febrero,28/02/2014
13110,CMAC Sullana,144631.79,644.57,25197.94,170474.3,232181.78,13.62,2014,Febrero,28/02/2014
14110,CMAC Tacna,58467.83,223.82,10224.93,68916.58,111158.17,16.13,2014,Febrero,28/02/2014
15110,CMAC Trujillo,150318.01,220.82,27868.33,178407.16,319440,17.91,2014,Febrero,28/02/2014
1719,TOTAL CAJAS MUNICIPALES DE AHORRO Y CRÃ‰DITO,1255785.74,9951.87,216803.92,1482541.53,2209666.58,14.9046,2014,Febrero,28/02/2014
18110,CMCP Lima,62317.58,186.08,10509.55,73013.21,101449.39,13.89,2014,Febrero,28/02/2014
2019,TOTAL CAJAS MUNICIPALES,1318103.32,10137.95,227313.47,1555554.74,2311115.97,14.8572,2014,Febrero,28/02/2014
424,CMAC Arequipa,291672.94,676.53,50764.07,343113.54,503961.54,14.69,2014,Marzo,31/03/2014
525,CMAC Cusco,149483.7,172.71,19399.38,169055.79,265632.85,15.71,2014,Marzo,31/03/2014
625,CMAC Del Santa,17646.94,212.91,3606.81,21466.66,28290.58,13.18,2014,Marzo,31/03/2014
725,CMAC Huancayo,138868.43,175.51,21839.79,160883.73,244933.28,15.22,2014,Marzo,31/03/2014
825,CMAC Ica,65412.56,463.71,11838.7,77714.97,112635.56,14.49,2014,Marzo,31/03/2014
925,CMAC Maynas,34113.59,21.68,6304.26,40439.53,63329.7,15.66,2014,Marzo,31/03/2014
1025,CMAC Paita,19285.89,34.24,4557.49,23877.62,26392.46,11.05,2014,Marzo,31/03/2014
1125,CMAC Pisco (*),5091.05,10.05,1275.27,6376.37,7129.72,11.18,2014,Marzo,31/03/2014
1225,CMAC Piura,192513.94,141.77,35479.73,228135.44,305649.45,13.4,2014,Marzo,31/03/2014
1325,CMAC Sullana,145630.74,472.49,25477.06,171580.29,237244.5,13.83,2014,Marzo,31/03/2014
1425,CMAC Tacna,59046.69,144.86,10341.64,69533.19,111229.14,16,2014,Marzo,31/03/2014
1525,CMAC Trujillo,151655.47,239.19,27987.06,179881.72,321106.57,17.85,2014,Marzo,31/03/2014
1724,TOTAL CAJAS MUNICIPALES DE AHORRO Y CRÃ‰DITO,1270421.94,2765.65,218871.26,1492058.85,2227535.35,14.9293,2014,Marzo,31/03/2014
1825,CMCP Lima,63701.44,27.25,10594.91,74323.6,101407.08,13.64,2014,Marzo,31/03/2014
2024,TOTAL CAJAS MUNICIPALES,1334123.38,2792.9,229466.17,1566382.45,2328942.43,14.8683,2014,Marzo,31/03/2014
434,CMAC Arequipa,291927.74,665.05,51485.94,344078.73,506829,14.73,2014,Abril,30/04/2014
535,CMAC Cusco,150831.84,286.79,19614.77,170733.4,267430.73,15.66,2014,Abril,30/04/2014
635,CMAC Del Santa,17645.88,79.33,3613,21338.21,28377.46,13.3,2014,Abril,30/04/2014
735,CMAC Huancayo,139667.88,147.61,22128.14,161943.63,246834.33,15.24,2014,Abril,30/04/2014
835,CMAC Ica,65497.74,540.75,11936.49,77974.98,113292.02,14.53,2014,Abril,30/04/2014
935,CMAC Maynas,33458.34,114.33,6345.78,39918.45,63588.15,15.93,2014,Abril,30/04/2014
1035,CMAC Paita,18965.46,45.76,4544.05,23555.27,26664.18,11.32,2014,Abril,30/04/2014
1135,CMAC Pisco (*),5091.05,10.05,1275.27,6376.37,7129.72,11.18,2014,Abril,30/04/2014
1235,CMAC Piura,194334.22,85.71,35842.97,230262.9,314844.17,13.67,2014,Abril,30/04/2014
1335,CMAC Sullana,145478.27,358,25741.07,171577.34,239627.24,13.97,2014,Abril,30/04/2014
1435,CMAC Tacna,58977.51,254.09,10462.39,69693.99,111214.18,15.96,2014,Abril,30/04/2014
1535,CMAC Trujillo,152019.21,344.53,28114.22,180477.96,328620.22,18.21,2014,Abril,30/04/2014
1734,TOTAL CAJAS MUNICIPALES DE AHORRO Y CRÃ‰DITO,1273895.14,2932,221104.09,1497931.23,2254451.4,15.0504,2014,Abril,30/04/2014
1835,CMCP Lima,64370.12,1.85,10629.98,75001.95,98939.89,13.19,2014,Abril,30/04/2014
2034,TOTAL CAJAS MUNICIPALES,1338265.26,2933.85,231734.07,1572933.18,2353391.29,14.9618,2014,Abril,30/04/2014
444,CMAC Arequipa,291628.08,478.95,52139.32,344246.35,508326.28,14.77,2014,Mayo,31/05/2014
545,CMAC Cusco,154333.24,114.28,19858.78,174306.3,270332.52,15.51,2014,Mayo,31/05/2014
645,CMAC Del Santa,17660.48,83.96,3616.9,21361.34,28444.72,13.32,2014,Mayo,31/05/2014
745,CMAC Huancayo,141997.15,184.63,22446.85,164628.63,249554.95,15.16,2014,Mayo,31/05/2014
845,CMAC Ica,66253.65,372.75,11997.27,78623.67,113740.73,14.47,2014,Mayo,31/05/2014
945,CMAC Maynas,32844.66,90.21,6374.16,39309.03,63466.65,16.15,2014,Mayo,31/05/2014
1045,CMAC Paita,18830.41,85.71,4524.8,23440.92,27088.57,11.56,2014,Mayo,31/05/2014
1245,CMAC Piura,194365.25,345.26,36170.06,230880.57,316519.78,13.71,2014,Mayo,31/05/2014
1345,CMAC Sullana,149670.24,526.08,25960.91,176157.23,241153.59,13.69,2014,Mayo,31/05/2014
1445,CMAC Tacna,60568.41,233.93,10580.9,71383.24,111208.29,15.58,2014,Mayo,31/05/2014
1545,CMAC Trujillo,152413.84,353.16,28243.11,181010.11,329919.65,18.23,2014,Mayo,31/05/2014
1744,TOTAL CAJAS MUNICIPALES DE AHORRO Y CRÃ‰DITO,1280565.41,2868.92,221913.06,1505347.39,2259755.73,15.0115,2014,Mayo,31/05/2014
1845,CMCP Lima,65053.26,128.5,10667.77,75849.53,97477.55,12.85,2014,Mayo,31/05/2014
2044,TOTAL CAJAS MUNICIPALES,1345618.67,2997.42,232580.83,1581196.92,2357233.28,14.9079,2014,Mayo,31/05/2014
454,CMAC Arequipa,291623.7,295.25,52808.7,344727.65,511448.75,14.84,2014,Junio,30/06/2014
555,CMAC Cusco,155647.36,160.86,20076.69,175884.91,273286.39,15.54,2014,Junio,30/06/2014
655,CMAC Del Santa,17580.86,17.45,3617.12,21215.43,28435.2,13.4,2014,Junio,30/06/2014
755,CMAC Huancayo,142658.16,94.37,22757.73,165510.26,252620.15,15.26,2014,Junio,30/06/2014
855,CMAC Ica,65563.05,187.17,12069.9,77820.12,111377.69,14.31,2014,Junio,30/06/2014
955,CMAC Maynas,32935.46,14.25,6428.07,39377.78,63861.51,16.22,2014,Junio,30/06/2014
1055,CMAC Paita,19629.8,131.77,4509.55,24271.12,35008.31,14.42,2014,Junio,30/06/2014
1255,CMAC Piura,194972.29,172.87,36470.86,231616.02,318203.02,13.74,2014,Junio,30/06/2014
1355,CMAC Sullana,152624.33,557.64,26196.49,179378.46,242840.53,13.54,2014,Junio,30/06/2014
1455,CMAC Tacna,60570.43,344,10694.51,71608.94,111410.4,15.56,2014,Junio,30/06/2014
1555,CMAC Trujillo,152864.58,346.9,28367.31,181578.79,331110.91,18.24,2014,Junio,30/06/2014
1754,TOTAL CAJAS MUNICIPALES DE AHORRO Y CRÃ‰DITO,1286670.02,2322.53,223996.93,1512989.48,2279602.86,15.0669,2014,Junio,30/06/2014
1855,CMCP Lima,63862.25,240.19,10731.75,74834.19,97194.06,12.99,2014,Junio,30/06/2014
2053,TOTAL CAJAS MUNICIPALES,1350532.27,2562.72,234728.68,1587823.67,2376796.92,14.9689,2014,Junio,30/06/2014
463,CMAC Arequipa,288676.97,1106.85,66786.5,356570.32,514253.59,14.42,2014,Julio,31/07/2014
564,CMAC Cusco,159025.9,312.46,25392.81,184731.17,275463.66,14.91,2014,Julio,31/07/2014
664,CMAC Del Santa,17571.36,35.08,4401.61,22008.05,28454.38,12.93,2014,Julio,31/07/2014
764,CMAC Huancayo,142879.25,91.9,28850.26,171821.41,275887.84,16.06,2014,Julio,31/07/2014
864,CMAC Ica,66974.65,271.62,15185.14,82431.41,114607.3,13.9,2014,Julio,31/07/2014
964,CMAC Maynas,32748.19,90.74,8080.49,40919.42,63601.9,15.54,2014,Julio,31/07/2014
1064,CMAC Paita,19591.11,115.82,4926.73,24633.66,35351.98,14.35,2014,Julio,31/07/2014
1264,CMAC Piura,194608.76,342.83,46038.62,240990.21,320462.72,13.3,2014,Julio,31/07/2014
1364,CMAC Sullana,154849.01,368.78,33041.58,188259.37,245052.36,13.02,2014,Julio,31/07/2014
1464,CMAC Tacna,60846.77,245.86,13502.82,74595.45,111442.41,14.94,2014,Julio,31/07/2014
1564,CMAC Trujillo,153683.91,458.72,35596.56,189739.19,332541.34,17.53,2014,Julio,31/07/2014
1763,TOTAL CAJAS MUNICIPALES DE AHORRO Y CRÃ‰DITO,1291455.88,3440.66,281803.12,1576699.66,2317119.48,14.696,2014,Julio,31/07/2014
1864,CMCP Lima,63571.5,387.48,13498.61,77457.59,97367.37,12.57,2014,Julio,31/07/2014
2063,TOTAL CAJAS MUNICIPALES,1355027.38,3828.14,295301.73,1654157.25,2414486.85,14.5965,2014,Julio,31/07/2014
473,CMAC Arequipa,290758.01,755.39,67618.33,359131.73,518351.25,14.43,2014,Agosto,31/08/2014
574,CMAC Cusco,161757.72,128.3,25686.59,187572.61,277575.36,14.8,2014,Agosto,31/08/2014
674,CMAC Del Santa,17257.63,34.57,4323.05,21615.25,28489.58,13.18,2014,Agosto,31/08/2014
774,CMAC Huancayo,144603.58,94.75,29294.71,173993.04,279491.69,16.06,2014,Agosto,31/08/2014
874,CMAC Ica,63756.42,298.95,15265.7,79321.07,115470.59,14.56,2014,Agosto,31/08/2014
974,CMAC Maynas,32490.67,53.84,8096.85,40641.36,63936.22,15.73,2014,Agosto,31/08/2014
1074,CMAC Paita,19639.97,124.54,4941.13,24705.64,35475.65,14.36,2014,Agosto,31/08/2014
1274,CMAC Piura,195170.09,476.26,46421.75,242068.1,323274.93,13.35,2014,Agosto,31/08/2014
1374,CMAC Sullana,158635.56,296.04,33437.11,192368.71,246068.69,12.79,2014,Agosto,31/08/2014
1474,CMAC Tacna,61095.85,258.88,13630.11,74984.84,111477.07,14.87,2014,Agosto,31/08/2014
1574,CMAC Trujillo,152155.67,386.33,35800.93,188342.93,333617.15,17.71,2014,Agosto,31/08/2014
1773,TOTAL CAJAS MUNICIPALES DE AHORRO Y CRÃ‰DITO,1297321.17,2907.85,284516.26,1584745.28,2333228.18,14.723,2014,Agosto,31/08/2014
1874,CMCP Lima,64250.81,437.03,13662.67,78350.51,96700.47,12.34,2014,Agosto,31/08/2014
2073,TOTAL CAJAS MUNICIPALES,1361571.98,3344.88,298178.93,1663095.79,2429928.65,14.6109,2014,Agosto,31/08/2014
